einzelbeleg.ID;einzelbeleg.Belegform;mgh_lemma.ID;mgh_lemma.MGHLemma;
\N;\N;13760;Amormuni;amormuni
96738;Amormuni;15896;amormuni;
96739;Amormuni;15896;amormuni;
96752;Amormuni;15896;amormuni;
99326;Amormumoli;15896;amormuni;
\N;\N;11020;Anxiander;anxiander
65086;Anxiander;15897;anxiander;
\N;\N;11064;Anxiardis;anxiardis
65320;Anxiardis;15898;anxiardis;
\N;\N;11547;Arsenius;arsenius
67359;Arse[...]us;15899;arsenius;
2255;Augustinus;7323;augustīnus;
2282;Augustinus;7323;augustīnus;
27833;Augustinus;7323;augustīnus;
29926;Augustinus;7323;augustīnus;
80755;Augustini;7323;augustīnus;
80792;Agustini;7323;augustīnus;
80793;Agustini;7323;augustīnus;
80794;Agustini;7323;augustīnus;
84505;Agustinus;7323;augustīnus;
87849;Augustino;7323;augustīnus;
88070;Augustinus;7323;augustīnus;
88082;Augustino;7323;augustīnus;
99824;Augustini;7323;augustīnus;
99826;Augustini;7323;augustīnus;
100208;Augustini;7323;augustīnus;
100845;Augustini;7323;augustīnus;
103253;Augustino;7323;augustīnus;
103257;Augustinus;7323;augustīnus;
104228;Augustinus;7323;augustīnus;
104230;Augustinus;7323;augustīnus;
105140;Augustinus;7323;augustīnus;
105336;Augustinus;7323;augustīnus;
\N;\N;15428;augustinus;augustīnus
\N;\N;14320;barosulus;barōsulus
102401;Barosulo;16379;barōsulus;
1446;Bonifacius;7198;bonifātius;
2073;Bonifacio;7198;bonifātius;
2304;Bonifacius;7198;bonifātius;
2318;Bonifacius;7198;bonifātius;
2436;Bonefacius;7198;bonifātius;
2456;Bonifacius;7198;bonifātius;
2475;Bonefacius;7198;bonifātius;
2490;Bonifacius;7198;bonifātius;
2737;Bonifacii;7198;bonifātius;
2747;Bonefacius;7198;bonifātius;
2805;Bonefacius;7198;bonifātius;
3164;Bonifacius;7198;bonifātius;
3165;Bonifacius;7198;bonifātius;
3669;Bonifacius;7198;bonifātius;
3690;Bonifacio;7198;bonifātius;
3691;Bonifacius;7198;bonifātius;
24924;Bonifatium;7198;bonifātius;
25533;Bonif[atius];7198;bonifātius;
25673;Bonifatius;7198;bonifātius;
25678;Bonifatius;7198;bonifātius;
25685;Bonifati;7198;bonifātius;
25773;Bon[ifa]cio;7198;bonifātius;
26075;Bonifatium;7198;bonifātius;
26079;Bonifatio;7198;bonifātius;
26088;Bonifatius;7198;bonifātius;
26115;Bonifatius;7198;bonifātius;
26206;Bonifatius;7198;bonifātius;
26237;Bonifatius;7198;bonifātius;
26238;Bonifatius;7198;bonifātius;
26542;Bonifatio;7198;bonifātius;
26799;Bonifatio;7198;bonifātius;
26802;Bonifatii;7198;bonifātius;
28442;Bonefatius;7198;bonifātius;
28540;Bonefatius;7198;bonifātius;
30042;Bonefatius;7198;bonifātius;
34334;Bonefatius;7198;bonifātius;
34335;Bonefatius;7198;bonifātius;
34342;Bonefacius;7198;bonifātius;
34556;Bonefacii;7198;bonifātius;
34709;Bonefacii;7198;bonifātius;
34944;Bonefacio;7198;bonifātius;
35327;Bonefacius;7198;bonifātius;
35335;Bonefacius;7198;bonifātius;
35561;Bonifacius;7198;bonifātius;
35564;Bonifacius;7198;bonifātius;
35639;Bonefacius;7198;bonifātius;
35642;Bonefatii;7198;bonifātius;
35737;Bonifacius;7198;bonifātius;
35738;Bonifacii;7198;bonifātius;
35739;Bonifacii;7198;bonifātius;
35747;Bonifacii;7198;bonifātius;
35811;Bonifacii;7198;bonifātius;
35812;Bonifacius;7198;bonifātius;
35816;Bonifacii;7198;bonifātius;
35817;Bonifacii;7198;bonifātius;
35961;Bonifacius;7198;bonifātius;
35963;Bonifacii;7198;bonifātius;
36064;Bonifacius;7198;bonifātius;
36066;Bonifacii;7198;bonifātius;
36671;Bonifatius;7198;bonifātius;
37065;Bonefacio;7198;bonifātius;
37450;Bonefacii;7198;bonifātius;
37505;Bonefacio;7198;bonifātius;
38414;Bonifati[i];7198;bonifātius;
38415;Bonifatius;7198;bonifātius;
38426;Bonifatii;7198;bonifātius;
38451;Bonifatius;7198;bonifātius;
38481;Bonifatii;7198;bonifātius;
38492;Bonifatius;7198;bonifātius;
38500;Bonifatii;7198;bonifātius;
38559;Bonifatius;7198;bonifātius;
38576;Bonifatio;7198;bonifātius;
38592;Bonifatii;7198;bonifātius;
38618;Bonifatius;7198;bonifātius;
38636;Bonifatii;7198;bonifātius;
38640;Bonifatii;7198;bonifātius;
38660;Bonifatii;7198;bonifātius;
38665;Bonifatii;7198;bonifātius;
38666;Bonifatii;7198;bonifātius;
38689;Bonifatius;7198;bonifātius;
38699;Bonifatius;7198;bonifātius;
38712;Bonifa[t]ius;7198;bonifātius;
38717;Bonifatii;7198;bonifātius;
38727;Bonifatii;7198;bonifātius;
38728;Bonifatii;7198;bonifātius;
38734;Bonifatii;7198;bonifātius;
38758;Bonifa[t]ii;7198;bonifātius;
38805;Bonifatii;7198;bonifātius;
38820;Bonifatii;7198;bonifātius;
38840;Boni[fa]tii;7198;bonifātius;
38841;Bonifatius;7198;bonifātius;
38842;Bonifatii;7198;bonifātius;
38853;Bonifatii;7198;bonifātius;
38854;Bonifatius;7198;bonifātius;
38874;Bonifatium;7198;bonifātius;
38876;Bonifatio;7198;bonifātius;
38941;Bonifatius;7198;bonifātius;
38958;Bonifatius;7198;bonifātius;
38970;Bonifatii;7198;bonifātius;
38972;Bonifatii;7198;bonifātius;
38980;Bonifatii;7198;bonifātius;
38995;Bonifa[t]ii;7198;bonifātius;
38999;Bonifatii;7198;bonifātius;
39017;Bonifatii;7198;bonifātius;
39018;Bonifatii;7198;bonifātius;
39023;Bonifatii;7198;bonifātius;
39024;Bonifatii;7198;bonifātius;
39086;Bonifatii;7198;bonifātius;
39108;Bonifatii;7198;bonifātius;
39130;Bonifa[t]ii;7198;bonifātius;
39143;Bonifatius;7198;bonifātius;
39159;Bonifatii;7198;bonifātius;
39162;Bonifatii;7198;bonifātius;
39165;Bonifatii;7198;bonifātius;
39180;Bonifatii;7198;bonifātius;
39181;Bonifatius;7198;bonifātius;
39185;Bonifatii;7198;bonifātius;
39208;Bonifa[t]ium;7198;bonifātius;
39229;Bonifatii;7198;bonifātius;
39230;Bonifatius;7198;bonifātius;
39263;Bonifatii;7198;bonifātius;
39282;Bonifatii;7198;bonifātius;
39299;Bonifatii;7198;bonifātius;
39316;Bonifatii;7198;bonifātius;
39320;Bonifatii;7198;bonifātius;
39351;Bonifatii;7198;bonifātius;
39352;Bonifatii;7198;bonifātius;
39379;Bonifa[t]ii;7198;bonifātius;
39383;Bonifatii;7198;bonifātius;
39384;Bonifatii;7198;bonifātius;
39398;Bonifatii;7198;bonifātius;
39402;Bonifatii;7198;bonifātius;
39427;Bonifa[t]ii;7198;bonifātius;
39440;Bonifatii;7198;bonifātius;
39444;Bonifatii;7198;bonifātius;
39447;Bonifatii;7198;bonifātius;
39486;Bonifatii;7198;bonifātius;
39488;Bonifatii;7198;bonifātius;
39536;Bonifatium;7198;bonifātius;
39538;Bonifatium;7198;bonifātius;
39566;Bonifatii;7198;bonifātius;
39568;Bonifatii;7198;bonifātius;
39574;Bonifatii;7198;bonifātius;
39658;Bonifatii;7198;bonifātius;
39682;Bonifatii;7198;bonifātius;
39683;Bonifatius;7198;bonifātius;
39702;Bonifatii;7198;bonifātius;
39722;Bonifatii;7198;bonifātius;
39732;Bonifacio;7198;bonifātius;
39734;Bonifatii;7198;bonifātius;
39744;Bonifatium;7198;bonifātius;
39745;Bonifatii;7198;bonifātius;
39757;Bonifa[t]ii;7198;bonifātius;
39766;Bonifatii;7198;bonifātius;
39804;Bonifatius;7198;bonifātius;
39838;Bonifatius;7198;bonifātius;
39856;Bonifatii;7198;bonifātius;
39857;Bonifatius;7198;bonifātius;
39863;Bonifatii;7198;bonifātius;
39887;Bonifa[t]io;7198;bonifātius;
39903;Bonifatii;7198;bonifātius;
39921;Bonifatii;7198;bonifātius;
39924;Bonifatii;7198;bonifātius;
39938;Bonifatii;7198;bonifātius;
39952;Bonifa[t]ii;7198;bonifātius;
39957;Bonifatii;7198;bonifātius;
39981;Bonifa[t]ii;7198;bonifātius;
39987;Bonifa[t]ius;7198;bonifātius;
40071;Bonifa[t]ium;7198;bonifātius;
40076;Bonifatium;7198;bonifātius;
40129;Bonifa[t]ii;7198;bonifātius;
40193;Bonifatii;7198;bonifātius;
40222;Bonifatius;7198;bonifātius;
40239;Bonifa[t]io;7198;bonifātius;
40245;Bonifa[t]ium;7198;bonifātius;
40263;Bonifa[t]io;7198;bonifātius;
40300;Bonifa[t]io;7198;bonifātius;
40304;Bonifa[t]io;7198;bonifātius;
40321;Bonifa[t]io;7198;bonifātius;
40409;Bonifa[t]ium;7198;bonifātius;
40433;Bonifa[t]ium;7198;bonifātius;
40438;Bonifa[t]io;7198;bonifātius;
40459;Bonifa[t]ium;7198;bonifātius;
40462;Bonifa[t]ium;7198;bonifātius;
40483;Bonifa[t]ium;7198;bonifātius;
40499;Bonifatii;7198;bonifātius;
40517;Bonifatii;7198;bonifātius;
40540;Bonifa[t]ii;7198;bonifātius;
40561;Bonifatium;7198;bonifātius;
40568;Bonifatii;7198;bonifātius;
40608;Bonifa[t]ium;7198;bonifātius;
40616;Bonifa[t]ii;7198;bonifātius;
40624;Bonifa[t]ii;7198;bonifātius;
40626;Bonifa[t]io;7198;bonifātius;
40651;Bonifatium;7198;bonifātius;
40656;Bonifatium;7198;bonifātius;
40658;Bonifatium;7198;bonifātius;
40662;Bonifatio;7198;bonifātius;
40666;Bonifa[t]ium;7198;bonifātius;
40668;Bonifa[t]ium;7198;bonifātius;
40692;Bonifa[t]ium;7198;bonifātius;
40731;Bonifa[t]ium;7198;bonifātius;
40740;Bonifa[t]ium;7198;bonifātius;
40756;Bonifa[t]ium;7198;bonifātius;
40779;Bonifa[t]ii;7198;bonifātius;
40783;Bonifa[t]ium;7198;bonifātius;
40784;Bonifa[t]ium;7198;bonifātius;
40818;Bonifa[t]ii;7198;bonifātius;
40827;B[o]nifa[t]ii;7198;bonifātius;
40833;Bonifa[t]ium;7198;bonifātius;
40845;Bonifa[t]ium;7198;bonifātius;
40866;Bonifa[t]ium;7198;bonifātius;
40870;Bonifa[t]ium;7198;bonifātius;
40940;Bonifatii;7198;bonifātius;
40942;Bonifatius;7198;bonifātius;
40945;Bonifatii;7198;bonifātius;
40948;Bonifatii;7198;bonifātius;
40952;Bonifatii;7198;bonifātius;
40972;Bonifa[t]ius;7198;bonifātius;
40985;Bonifatii;7198;bonifātius;
40987;Bonifatii;7198;bonifātius;
41008;Bonifatii;7198;bonifātius;
41019;Bonifa[t]ium;7198;bonifātius;
41023;Bonifatii;7198;bonifātius;
41043;Bonifatii;7198;bonifātius;
41066;Bonifatii;7198;bonifātius;
41081;Bonifatii;7198;bonifātius;
41117;Bonifatii;7198;bonifātius;
41134;Bonifatii;7198;bonifātius;
41136;Bonifatius;7198;bonifātius;
41156;Bonifatii;7198;bonifātius;
41160;Bonifatium;7198;bonifātius;
41173;Bonifatii;7198;bonifātius;
41231;Bonifatii;7198;bonifātius;
41233;Bonifatii;7198;bonifātius;
41248;Bonifatium;7198;bonifātius;
41250;Bonifatii;7198;bonifātius;
41252;Bonifatii;7198;bonifātius;
41254;Bonifatii;7198;bonifātius;
41255;Bonifatium;7198;bonifātius;
41274;Bonifatii;7198;bonifātius;
41295;Bonifa[t]ius;7198;bonifātius;
41320;Bonifa[t]ii;7198;bonifātius;
41367;Bonifa[t]ium;7198;bonifātius;
41415;Bonifatii;7198;bonifātius;
41442;Bonifatii;7198;bonifātius;
41493;Bonifa[t]ium;7198;bonifātius;
41517;Bonifatii;7198;bonifātius;
41520;Bonifatium;7198;bonifātius;
41523;Bonifatium;7198;bonifātius;
41581;Bonifatii;7198;bonifātius;
41598;Bonifa[t]ium;7198;bonifātius;
41634;Bonifatii;7198;bonifātius;
41644;Bonifa[t]ium;7198;bonifātius;
41648;Bonifa[t]ium;7198;bonifātius;
41660;Bonifa[t]ium;7198;bonifātius;
41668;Bonifa[t]ium;7198;bonifātius;
41706;Bonifa[t]ium;7198;bonifātius;
41712;Bonifa[t]ium;7198;bonifātius;
41759;Bonifa[t]ium;7198;bonifātius;
41768;Bonifa[t]ium;7198;bonifātius;
41771;Bonifatii;7198;bonifātius;
41793;Bonifa[t]ium;7198;bonifātius;
41811;Bonifatii;7198;bonifātius;
41830;Bonifatio;7198;bonifātius;
41849;Bonifatio;7198;bonifātius;
41919;Bonifa[t]ii;7198;bonifātius;
41947;Bonifa[t]ii;7198;bonifātius;
41951;Bonifa[t]ii;7198;bonifātius;
41994;Bonifa[t]ii;7198;bonifātius;
42006;Bonifatium;7198;bonifātius;
42030;Bonifatium;7198;bonifātius;
42076;Bonifatii;7198;bonifātius;
42132;Bonifatii;7198;bonifātius;
42245;Bonifatium;7198;bonifātius;
42257;Bonifatii;7198;bonifātius;
42310;Bonifatius;7198;bonifātius;
42324;Bonifatium;7198;bonifātius;
42357;Bonifacium;7198;bonifātius;
42363;Bonifa[t]ii;7198;bonifātius;
42387;Bonifatii;7198;bonifātius;
42388;Bonifatius;7198;bonifātius;
42406;Bonifatii;7198;bonifātius;
42407;Bonifatius;7198;bonifātius;
42426;Bonifatio;7198;bonifātius;
42445;Bonifatii;7198;bonifātius;
42458;Bonifatii;7198;bonifātius;
42483;Bonifatii;7198;bonifātius;
42493;Bonifatium;7198;bonifātius;
42556;Bonifatium;7198;bonifātius;
42606;Bonifa[t]ii;7198;bonifātius;
42658;Bonifa[t]ii;7198;bonifātius;
59866;Bonifatio;7198;bonifātius;
60018;Bonefacio;7198;bonifātius;
60034;Bonifacio;7198;bonifātius;
60061;Bonefacio;7198;bonifātius;
60095;Bonefacio;7198;bonifātius;
60115;Bonefacio;7198;bonifātius;
60192;Bonefacio;7198;bonifātius;
60273;Bonefacio;7198;bonifātius;
60367;Bonefacius;7198;bonifātius;
60384;Bonefacio;7198;bonifātius;
60627;Bonefatio;7198;bonifātius;
61007;Bonifatio;7198;bonifātius;
61673;Bonefacius;7198;bonifātius;
61675;Benefacio;7198;bonifātius;
61677;Bonefatio;7198;bonifātius;
61713;Bonefacio;7198;bonifātius;
64736;Bonifacio;7198;bonifātius;
79698;Bonifacio;7198;bonifātius;
79872;Bonefatius;7198;bonifātius;
79873;Bonefatii;7198;bonifātius;
79874;Bonefatio;7198;bonifātius;
79875;Bonefatio;7198;bonifātius;
79876;Bonefatius;7198;bonifātius;
79877;Bonefatio;7198;bonifātius;
79902;Bonefatius;7198;bonifātius;
79903;Bonefatium;7198;bonifātius;
79904;Bonefatius;7198;bonifātius;
80758;Bonifacius;7198;bonifātius;
80982;Bonefatius;7198;bonifātius;
80983;Bonefatius;7198;bonifātius;
81002;Bonefatius;7198;bonifātius;
81003;Bonefatio;7198;bonifātius;
81004;Bonefatio;7198;bonifātius;
81005;Bonefatio;7198;bonifātius;
81006;Bonefatio;7198;bonifātius;
81007;Bonefatius;7198;bonifātius;
82895;Bonifatio;7198;bonifātius;
83039;Bonifacius;7198;bonifātius;
83851;Bonefacius;7198;bonifātius;
83852;Bonefacius;7198;bonifātius;
83854;Bonefacius;7198;bonifātius;
86392;Bonefatium;7198;bonifātius;
87951;Bonifatii;7198;bonifātius;
87952;Bonifatii;7198;bonifātius;
87953;Bonifatii;7198;bonifātius;
87954;Bonifatii;7198;bonifātius;
87956;Bonifatius;7198;bonifātius;
87957;Bonifatio;7198;bonifātius;
87958;Bonifatio;7198;bonifātius;
87959;Bonifatio;7198;bonifātius;
87960;Bonifati;7198;bonifātius;
87961;Bonifatio;7198;bonifātius;
87962;Bonifatius;7198;bonifātius;
87963;Bonifati;7198;bonifātius;
87964;Bonifatius;7198;bonifātius;
87965;Bonifatio;7198;bonifātius;
87966;Bonifatii;7198;bonifātius;
88153;Bonifacium;7198;bonifātius;
88203;Bonifatio;7198;bonifātius;
88204;Bonifatius;7198;bonifātius;
88205;Bonifatius;7198;bonifātius;
88206;Bonifatio;7198;bonifātius;
88207;Bonifatius;7198;bonifātius;
88208;Bonifatius;7198;bonifātius;
88209;Bonifatium;7198;bonifātius;
88210;Bonifatius;7198;bonifātius;
88211;Bonifatii;7198;bonifātius;
88324;Bonifacius;7198;bonifātius;
88325;Bonifacius;7198;bonifātius;
88326;Bonifacio;7198;bonifātius;
88327;Bonifacii;7198;bonifātius;
88328;Bonifacium;7198;bonifātius;
88329;Bonifacii;7198;bonifātius;
88330;Bonifacio;7198;bonifātius;
88355;Bonifacii;7198;bonifātius;
88356;Bonifacii;7198;bonifātius;
88357;Bonifacii;7198;bonifātius;
88358;Bonifacius;7198;bonifātius;
88359;Bonifacius;7198;bonifātius;
88360;Bonifacio;7198;bonifātius;
88361;Bonifacius;7198;bonifātius;
88362;Bonifacius;7198;bonifātius;
88363;Bonifacii;7198;bonifātius;
88420;Bonifatio;7198;bonifātius;
88421;Bonifatius;7198;bonifātius;
88422;Bonifatius;7198;bonifātius;
88423;Bonifatius;7198;bonifātius;
88424;Bonifatius;7198;bonifātius;
88425;Bonifatius;7198;bonifātius;
88426;Bonifatius;7198;bonifātius;
88427;Bonifatius;7198;bonifātius;
88428;Bonifatius;7198;bonifātius;
88429;Bonifatium;7198;bonifātius;
88430;Bonifatium;7198;bonifātius;
88431;Bonifatio;7198;bonifātius;
88432;Bonifatius;7198;bonifātius;
88433;Bonifatium;7198;bonifātius;
88434;Bonifatius;7198;bonifātius;
88435;Bonifatius;7198;bonifātius;
88436;Bonifatii;7198;bonifātius;
88437;Bonifatius;7198;bonifātius;
88438;Bonifatius;7198;bonifātius;
88439;Bonifatius;7198;bonifātius;
88440;Bonifatius;7198;bonifātius;
88441;Bonifatio;7198;bonifātius;
88442;Bonifatius;7198;bonifātius;
88443;Bonifatius;7198;bonifātius;
88501;Bonifacii;7198;bonifātius;
88502;Bonifacius;7198;bonifātius;
88503;Bonifacius;7198;bonifātius;
88504;Bonifacius;7198;bonifātius;
88505;Bonifacius;7198;bonifātius;
88506;Bonifacius;7198;bonifātius;
88507;Bonifacius;7198;bonifātius;
94779;Bonefacii;7198;bonifātius;
94781;Bonefacius;7198;bonifātius;
95518;Bonefacio;7198;bonifātius;
95683;Bonefacius;7198;bonifātius;
96186;Bonifacius;7198;bonifātius;
96852;Bonefacius;7198;bonifātius;
97087;Bonefacii;7198;bonifātius;
97100;Bonefacius;7198;bonifātius;
97241;Bonefacius;7198;bonifātius;
97863;Bonifatium;7198;bonifātius;
97864;Bonifatium;7198;bonifātius;
98593;Bonefacius;7198;bonifātius;
99928;Bonifatius;7198;bonifātius;
99929;Bonifatii;7198;bonifātius;
99930;Bonifatius;7198;bonifātius;
99931;Bonifatius;7198;bonifātius;
99932;Bonifatium;7198;bonifātius;
100214;Bonifatius;7198;bonifātius;
100512;Bonifacius;7198;bonifātius;
100772;Bonifatio;7198;bonifātius;
100784;Bonifatius;7198;bonifātius;
100788;Bonifatium;7198;bonifātius;
100792;Bonifatium;7198;bonifātius;
100802;Bonifatium;7198;bonifātius;
100804;Bonifatium;7198;bonifātius;
100806;Bonifatius;7198;bonifātius;
100808;Bonifatio;7198;bonifātius;
100812;Bonifatium;7198;bonifātius;
100813;Bonifatius;7198;bonifātius;
100814;Bonifatio;7198;bonifātius;
100819;Bonifatio;7198;bonifātius;
100825;Bonifatii;7198;bonifātius;
100829;Bonifatius;7198;bonifātius;
100831;Bonifatio;7198;bonifātius;
100834;Bonifatio;7198;bonifātius;
100838;Bonifatius;7198;bonifātius;
100840;Bonifatius;7198;bonifātius;
100842;Bonifatius;7198;bonifātius;
100844;Bonifatius;7198;bonifātius;
100851;Bonifatius;7198;bonifātius;
100854;Bonifatius;7198;bonifātius;
100863;Bonifatio;7198;bonifātius;
100869;Bonifatius;7198;bonifātius;
100895;Bonifatius;7198;bonifātius;
100953;Bonefacius;7198;bonifātius;
100998;Bonifatius;7198;bonifātius;
34719;[Bonefac]ii;7198;bonifātius;
102084;Bonifatio;7198;bonifātius;
102092;Bonifatius;7198;bonifātius;
102109;Bonifatio;7198;bonifātius;
102110;Bonifatius;7198;bonifātius;
102158;Bonifatii;7198;bonifātius;
103022;Bonifatium;7198;bonifātius;
103026;Bonifatium;7198;bonifātius;
103033;Bonifatium;7198;bonifātius;
103034;Bonifatio;7198;bonifātius;
103042;Bonifacius;7198;bonifātius;
103150;Bonifatio;7198;bonifātius;
103153;Bonifatius;7198;bonifātius;
103220;Bonifatii;7198;bonifātius;
103248;Bonifatius;7198;bonifātius;
103352;Bonifatio;7198;bonifātius;
103361;Bonifatius;7198;bonifātius;
103716;Bonifatius;7198;bonifātius;
103718;Bonifatio;7198;bonifātius;
103722;Bonifatio;7198;bonifātius;
103731;Bonifatio;7198;bonifātius;
103742;Bonifatio;7198;bonifātius;
103753;Bonifatio;7198;bonifātius;
103756;Bonifatio;7198;bonifātius;
103757;Bonifatio;7198;bonifātius;
103760;Bonifatio;7198;bonifātius;
104219;Bonifatius;7198;bonifātius;
104225;Bonifatio;7198;bonifātius;
104232;Bonifatius;7198;bonifātius;
104233;Bonifatius;7198;bonifātius;
105075;Bonifatio;7198;bonifātius;
105076;Bonifatio;7198;bonifātius;
105078;Bonifatius;7198;bonifātius;
105092;Bonifacium ;7198;bonifātius;
105094;Bonifatius;7198;bonifātius;
105109;Bonifatius;7198;bonifātius;
105111;Bonifatius;7198;bonifātius;
105117;Bonifatius;7198;bonifātius;
105125;Bonifatio;7198;bonifātius;
105131;Bonifatius;7198;bonifātius;
105138;Bonifatio;7198;bonifātius;
105151;Bonifatio;7198;bonifātius;
105164;Bonifatio;7198;bonifātius;
105166;Bonifatio;7198;bonifātius;
105369;Bonifatius;7198;bonifātius;
105349;Bonifatius;7198;bonifātius;
105321;Bonifacii;7198;bonifātius;
105294;Bonifacio;7198;bonifātius;
105327;Bonifatii ;7198;bonifātius;
105333;Bonifatio;7198;bonifātius;
105283;Bonifatio;7198;bonifātius;
105319;Bonifatio;7198;bonifātius;
105338;Bonifatio;7198;bonifātius;
105291;Bonifatio;7198;bonifātius;
105295;Bonifatio;7198;bonifātius;
105344;Bonifatium;7198;bonifātius;
105330;Bonifatius;7198;bonifātius;
105318;Bonifatius;7198;bonifātius;
105278;Bonifatius;7198;bonifātius;
105322;Bonifatius;7198;bonifātius;
105299;Bonifatius;7198;bonifātius;
105313;Bonifatius;7198;bonifātius;
105335;Bonifatius;7198;bonifātius;
105316;Bonifatius;7198;bonifātius;
105346;Bonifatius;7198;bonifātius;
105301;Bonifatius;7198;bonifātius;
105343;Bonifatius;7198;bonifātius;
\N;\N;15436;bonifatius;bonifātius
\N;\N;7823;camenius;camēnius
4871;Camenius;15455;camēnius;
\N;\N;9314;camerinus;
29096;Camerino;15454;camerīnus;camerīnus
\N;\N;9468;carus;cārus
30300;Cari;15457;cārus;
\N;\N;13568;cato;catō
89638;Catoni;15459;catō;
89663;Catoni;15459;catō;
89666;Cato;15459;catō;
89701;Catonis;15459;catō;
89718;Cato;15459;catō;
89719;Cato;15459;catō;
89731;Catonem;15459;catō;
89746;Catoni;15459;catō;
89748;Cato;15459;catō;
89769;Cato;15459;catō;
89807;Catonem;15459;catō;
89810;Catone;15459;catō;
89860;Cato;15459;catō;
94164;Cato;15459;catō;
\N;\N;15491;chriseolus;chrīseolus
105445;Criseolum;16390;chrīseolus;
\N;\N;8750;chrysogonus;chrȳsogonus
25623;Crihsogonus;15463;chrȳsogonus;
25632;Chrisogonus;15463;chrȳsogonus;
\N;\N;10679;climeānus;clīmeānus
60585;climeanus;16392;clīmeānus;
\N;\N;14008;consalvus;cōnsalvus
99238;Gonsalvus;15904;cōnsalvus;
30305;Consentius;8994;consentius;cōnsentius
27275;Consentiorum;15905;cōnsentius;
27304;Consentio;15905;cōnsentius;
30294;Consentium;15905;cōnsentius;
30295;Consenti;15905;cōnsentius;
30303;Consenti;15905;cōnsentius;
30308;Consenti;15905;cōnsentius;
8712;Cyria;15443;cȳria;
37303;Ciuccirane;15443;cȳria;
80319;Quiriae;15443;cȳria;
\N;\N;15665;cyria;cȳria
5997;Cirico;15445;cȳricus;cȳrīcus
86437;Cyricum;15450;cȳrīcus;
86438;Cyricum;15450;cȳrīcus;
61685;Curicus;15450;cȳrīcus;
100373;Ciricus;15450;cȳrīcus;
27216;Coryllus;15446;cȳrillus;
90163;Cyrilli;15446;cȳrillus;
34898;Charilefi;16419;cyrillus;cȳrillus
35043;Careleffi;16419;cyrillus;cȳrillus
35143;Charilefi;16419;cyrillus;cȳrillus
35215;Carileffus;16419;cyrillus;cȳrillus
35373;Charilefus;16419;cyrillus;cȳrillus
35970;Charilefus;16419;cyrillus;cȳrillus
86006;Carileffi;16419;cyrillus;cȳrillus
86007;Carileffi;16419;cyrillus;cȳrillus
86008;Carileffus;16419;cyrillus;cȳrillus
86009;Carileffus;16419;cyrillus;cȳrillus
86585;Carileffi;16419;cyrillus;cȳrillus
86586;Carileffus;16419;cyrillus;cȳrillus
86587;Carileffum;16419;cyrillus;cȳrillus
86588;Carileffum;16419;cyrillus;cȳrillus
86589;Carileffus;16419;cyrillus;cȳrillus
86590;Carileffus;16419;cyrillus;cȳrillus
86591;Carileffus;16419;cyrillus;cȳrillus
86592;Carileffus;16419;cyrillus;cȳrillus
86593;Carileffi;16419;cyrillus;cȳrillus
\N;\N;16214;deodōnus;deōdōnus
98907;Teodondus;16397;deōdōnus;
\N;\N;7484;deonatus;deōnātus
\N;\N;15487;deonātus;deōnātus
3416;Deudenadi;15909;deōnātus;
73682;Deonatus;15909;deōnātus;
280;Desiderius;6514;dēsīderius;
281;Desiderio;6514;dēsīderius;
622;esidero;6514;dēsīderius;
1706;Desiderii;6514;dēsīderius;
1708;Desiderius;6514;dēsīderius;
1711;Desiderius;6514;dēsīderius;
1712;Desiderius;6514;dēsīderius;
1713;Desiderii;6514;dēsīderius;
1714;Desiderio;6514;dēsīderius;
1715;Desiderii;6514;dēsīderius;
1718;Desiderium;6514;dēsīderius;
1719;Desiderius;6514;dēsīderius;
1722;Desiderius;6514;dēsīderius;
2507;Desiderius;6514;dēsīderius;
2519;Desiderius;6514;dēsīderius;
2549;Desitherus;6514;dēsīderius;
2760;Desiderius;6514;dēsīderius;
2801;Desiderium;6514;dēsīderius;
2803;Desiderius;6514;dēsīderius;
2804;Desiderius;6514;dēsīderius;
2806;Desiderium;6514;dēsīderius;
2808;Desiderii;6514;dēsīderius;
3057;Desiderio;6514;dēsīderius;
3104;Desiderio;6514;dēsīderius;
3141;Desiderio;6514;dēsīderius;
3180;Desiderius;6514;dēsīderius;
3182;Desiderius;6514;dēsīderius;
26218;Desiderium;6514;dēsīderius;
27851;Desiderius;6514;dēsīderius;
27864;Desiderio;6514;dēsīderius;
27880;Desiderio;6514;dēsīderius;
27940;Desiderii;6514;dēsīderius;
27941;Desiderio;6514;dēsīderius;
27955;Desiderio;6514;dēsīderius;
27977;Desiderio;6514;dēsīderius;
28070;Desiderio;6514;dēsīderius;
28091;Desiderio;6514;dēsīderius;
28117;Desiderio;6514;dēsīderius;
28134;Desiderio;6514;dēsīderius;
28161;Desiderio;6514;dēsīderius;
28179;Desiderii;6514;dēsīderius;
28230;Desiderii;6514;dēsīderius;
28260;Desiderio;6514;dēsīderius;
29155;Desiderio;6514;dēsīderius;
29168;Desiderio;6514;dēsīderius;
29177;Desiderio;6514;dēsīderius;
29187;Desiderio;6514;dēsīderius;
29234;Desiderio;6514;dēsīderius;
29240;Desiderio;6514;dēsīderius;
29250;Desiderio;6514;dēsīderius;
29274;Desiderio;6514;dēsīderius;
29286;Desiderio;6514;dēsīderius;
29561;Desiderio;6514;dēsīderius;
29614;Desiderio;6514;dēsīderius;
29629;Desiderius;6514;dēsīderius;
29726;Desiderio;6514;dēsīderius;
29754;Desiderio;6514;dēsīderius;
29805;Desiderio;6514;dēsīderius;
29828;Desiderio;6514;dēsīderius;
29835;Desideriu;6514;dēsīderius;
29881;Desiderio;6514;dēsīderius;
29907;Desiderio;6514;dēsīderius;
34705;Desiderius;6514;dēsīderius;
34707;Desiderius;6514;dēsīderius;
34851;Desiderium;6514;dēsīderius;
34852;Desiderius;6514;dēsīderius;
34853;Desiderius;6514;dēsīderius;
36152;Desiderii;6514;dēsīderius;
63874;Desiderius;6514;dēsīderius;
77266;Desiderius;6514;dēsīderius;
80638;Desiderium;6514;dēsīderius;
80788;Desiderius;6514;dēsīderius;
81159;Desiderii;6514;dēsīderius;
81160;Desiderio;6514;dēsīderius;
81545;Desiderii;6514;dēsīderius;
81720;Desiderio;6514;dēsīderius;
81721;Desiderius;6514;dēsīderius;
81722;Desiderio;6514;dēsīderius;
81723;Desiderio;6514;dēsīderius;
81968;Desiderii;6514;dēsīderius;
81969;Desiderii;6514;dēsīderius;
81970;Desiderii;6514;dēsīderius;
81971;Desiderii;6514;dēsīderius;
81972;Desiderii;6514;dēsīderius;
81973;Desiderii;6514;dēsīderius;
81974;Desiderii;6514;dēsīderius;
81975;Desiderius;6514;dēsīderius;
82056;Desiderius;6514;dēsīderius;
82057;Desiderius;6514;dēsīderius;
82058;Desiderii;6514;dēsīderius;
82059;Desiderii;6514;dēsīderius;
82060;Desiderius;6514;dēsīderius;
82061;Desiderius;6514;dēsīderius;
82062;Desiderius;6514;dēsīderius;
82063;Desiderius;6514;dēsīderius;
82064;Desiderius;6514;dēsīderius;
82065;Desiderius;6514;dēsīderius;
82067;Desiderius;6514;dēsīderius;
82068;Desiderii;6514;dēsīderius;
82069;Desiderius;6514;dēsīderius;
82070;Desiderius;6514;dēsīderius;
82071;Desiderii;6514;dēsīderius;
82072;Desiderio;6514;dēsīderius;
82073;Desiderius;6514;dēsīderius;
82074;Desiderius;6514;dēsīderius;
82075;Desiderius;6514;dēsīderius;
82076;Desiderius;6514;dēsīderius;
82077;Desiderii;6514;dēsīderius;
82078;Desiderii;6514;dēsīderius;
82079;Desiderii;6514;dēsīderius;
82119;Desiderii;6514;dēsīderius;
82120;Desiderius;6514;dēsīderius;
82121;Desiderius;6514;dēsīderius;
82122;Desiderius;6514;dēsīderius;
82123;Desiderius;6514;dēsīderius;
82124;Desiderius;6514;dēsīderius;
82125;Desiderius;6514;dēsīderius;
82126;Desiderii;6514;dēsīderius;
82127;Desiderius;6514;dēsīderius;
82128;Desiderius;6514;dēsīderius;
82129;Desiderius;6514;dēsīderius;
82130;Desiderium;6514;dēsīderius;
82131;Desiderius;6514;dēsīderius;
82132;Desiderius;6514;dēsīderius;
82133;Desiderium;6514;dēsīderius;
82134;Desiderio;6514;dēsīderius;
82135;Desiderio;6514;dēsīderius;
82136;Desideri;6514;dēsīderius;
82137;Desiderio;6514;dēsīderius;
82138;Desiderii;6514;dēsīderius;
82139;Desiderium;6514;dēsīderius;
82140;Desiderius;6514;dēsīderius;
82141;Desiderius;6514;dēsīderius;
82142;Desiderius;6514;dēsīderius;
82143;Desiderii;6514;dēsīderius;
82144;Desiderio;6514;dēsīderius;
82146;Desiderii;6514;dēsīderius;
82147;Desiderii;6514;dēsīderius;
82149;Desiderii;6514;dēsīderius;
82151;Desiderius;6514;dēsīderius;
82152;Desiderius;6514;dēsīderius;
82153;Desiderii;6514;dēsīderius;
82154;Desiderii;6514;dēsīderius;
83284;Desiderius;6514;dēsīderius;
84497;Desiderium;6514;dēsīderius;
84982;Desiderii;6514;dēsīderius;
84983;Desiderius;6514;dēsīderius;
84984;Desiderius;6514;dēsīderius;
84985;Desiderius;6514;dēsīderius;
84986;Desiderii;6514;dēsīderius;
84987;Desiderio;6514;dēsīderius;
84988;Desiderii;6514;dēsīderius;
84989;Desiderium;6514;dēsīderius;
84990;Desiderius;6514;dēsīderius;
84991;Desiderius;6514;dēsīderius;
86194;Desiderio;6514;dēsīderius;
86195;Desiderius;6514;dēsīderius;
86852;Desiderio;6514;dēsīderius;
86853;Desiderius;6514;dēsīderius;
88224;Desiderius;6514;dēsīderius;
88232;Desiderium;6514;dēsīderius;
90293;Desiderium;6514;dēsīderius;
90295;Desiderii;6514;dēsīderius;
90296;Desiderius;6514;dēsīderius;
90623;Desiderium;6514;dēsīderius;
90627;Desiderius;6514;dēsīderius;
90703;Desiderio;6514;dēsīderius;
90967;Desiderius;6514;dēsīderius;
90970;Desiderium;6514;dēsīderius;
90973;Desiderii;6514;dēsīderius;
91115;Desiderio;6514;dēsīderius;
91119;Desiderii;6514;dēsīderius;
91146;Desiderius;6514;dēsīderius;
91151;Desiderius;6514;dēsīderius;
91275;Desiderius;6514;dēsīderius;
91346;Desiderio;6514;dēsīderius;
91471;Desiderio;6514;dēsīderius;
91473;Desiderius;6514;dēsīderius;
91656;Desiderius;6514;dēsīderius;
91680;Desiderius;6514;dēsīderius;
91682;Desiderius;6514;dēsīderius;
91687;Desiderium;6514;dēsīderius;
91688;Desiderius;6514;dēsīderius;
91819;Desiderii;6514;dēsīderius;
91823;Desiderius;6514;dēsīderius;
91828;Desiderius;6514;dēsīderius;
91831;Desiderium;6514;dēsīderius;
91857;Desiderius;6514;dēsīderius;
92365;Desiderius;6514;dēsīderius;
92485;Desiderii;6514;dēsīderius;
92488;Desiderium;6514;dēsīderius;
92496;Desiderio;6514;dēsīderius;
92499;Desiderius;6514;dēsīderius;
92507;Desiderii;6514;dēsīderius;
92516;Desiderium;6514;dēsīderius;
92518;Desiderio;6514;dēsīderius;
93864;Desiderii;6514;dēsīderius;
93974;Desiderio;6514;dēsīderius;
94478;Desiderius;6514;dēsīderius;
94865;Desiderium;6514;dēsīderius;
95714;Desiderium;6514;dēsīderius;
96125;Desiderium;6514;dēsīderius;
96158;Desiderium;6514;dēsīderius;
96174;Desiderii;6514;dēsīderius;
96178;Desiderius;6514;dēsīderius;
96183;Desiderio;6514;dēsīderius;
96185;Desiderio;6514;dēsīderius;
96188;Desiderium;6514;dēsīderius;
96191;Desiderii;6514;dēsīderius;
96193;Desiderio;6514;dēsīderius;
96581;Desiderio;6514;dēsīderius;
96885;Desiderio;6514;dēsīderius;
96887;Desiderii;6514;dēsīderius;
96892;Desiderium;6514;dēsīderius;
97118;Desiderius;6514;dēsīderius;
97230;Desiderium;6514;dēsīderius;
97234;Desiderius;6514;dēsīderius;
97237;Desiderius;6514;dēsīderius;
97239;Desiderio;6514;dēsīderius;
97244;Desiderium;6514;dēsīderius;
97254;Desiderii;6514;dēsīderius;
97329;Desiderius;6514;dēsīderius;
97333;Desiderius;6514;dēsīderius;
97337;Desiderius;6514;dēsīderius;
97341;Desiderius;6514;dēsīderius;
97343;Desiderius;6514;dēsīderius;
97345;Desiderius;6514;dēsīderius;
97348;Desiderius;6514;dēsīderius;
97356;Desiderius;6514;dēsīderius;
97383;Desiderius;6514;dēsīderius;
97414;Desiderius;6514;dēsīderius;
97417;Desiderius;6514;dēsīderius;
97419;Desiderius;6514;dēsīderius;
97420;Desiderius;6514;dēsīderius;
97426;Desiderius;6514;dēsīderius;
97427;Desiderio;6514;dēsīderius;
97429;Desiderio;6514;dēsīderius;
97434;Desiderio;6514;dēsīderius;
97438;Desiderio;6514;dēsīderius;
97448;Desiderius;6514;dēsīderius;
97450;Desiderio;6514;dēsīderius;
97451;Desiderio;6514;dēsīderius;
97452;Desiderio;6514;dēsīderius;
97454;Desiderii;6514;dēsīderius;
97455;Desiderii;6514;dēsīderius;
97458;Desiderio;6514;dēsīderius;
97462;Desiderius;6514;dēsīderius;
97463;Desiderius;6514;dēsīderius;
97465;Desiderio;6514;dēsīderius;
97468;Desiderio;6514;dēsīderius;
97483;Desiderio;6514;dēsīderius;
97492;Desiderio;6514;dēsīderius;
97497;Desiderio;6514;dēsīderius;
97563;Desiderio;6514;dēsīderius;
97566;Desiderio;6514;dēsīderius;
97568;Desiderio;6514;dēsīderius;
97587;Desiderio;6514;dēsīderius;
97607;Desiderio;6514;dēsīderius;
97674;Desiderius;6514;dēsīderius;
97701;Desiderii;6514;dēsīderius;
97705;Desiderium;6514;dēsīderius;
97708;Desiderius;6514;dēsīderius;
97733;Desiderii;6514;dēsīderius;
97742;Desiderio;6514;dēsīderius;
97754;Desiderio;6514;dēsīderius;
97755;Desiderio;6514;dēsīderius;
97813;Desiderii;6514;dēsīderius;
98729;Desiderivm;6514;dēsīderius;
98731;Desiderii;6514;dēsīderius;
98780;Desiderio;6514;dēsīderius;
98786;Desiderii;6514;dēsīderius;
98790;Desiderius;6514;dēsīderius;
98793;Desiderio;6514;dēsīderius;
98796;Desiderio;6514;dēsīderius;
98800;Desiderii;6514;dēsīderius;
98803;Desiderio;6514;dēsīderius;
100268;Desiderio;6514;dēsīderius;
100273;Desideri;6514;dēsīderius;
100274;Desideri;6514;dēsīderius;
100280;Desideri;6514;dēsīderius;
100427;Desiderius;6514;dēsīderius;
100993;Desiderii;6514;dēsīderius;
101002;Desiderius;6514;dēsīderius;
101004;Desiderius;6514;dēsīderius;
102195;Desiderio;6514;dēsīderius;
102217;Desiderio;6514;dēsīderius;
102237;Desiderio;6514;dēsīderius;
102269;Desiderio;6514;dēsīderius;
102297;Desiderio;6514;dēsīderius;
102317;Desiderio;6514;dēsīderius;
102337;Desiderio;6514;dēsīderius;
102355;Desiderio;6514;dēsīderius;
102390;Desiderio;6514;dēsīderius;
102427;Desiderio;6514;dēsīderius;
102444;Desiderio;6514;dēsīderius;
102461;Desiderio;6514;dēsīderius;
102483;Desiderio;6514;dēsīderius;
102519;Desiderio;6514;dēsīderius;
102545;Desiderio;6514;dēsīderius;
102560;Desiderio;6514;dēsīderius;
102585;Desiderio;6514;dēsīderius;
102620;Desiderio;6514;dēsīderius;
102647;Desiderio;6514;dēsīderius;
102665;Desiderio;6514;dēsīderius;
102685;Desiderio;6514;dēsīderius;
102707;Desiderio;6514;dēsīderius;
102731;Desiderio;6514;dēsīderius;
102749;Desiderio;6514;dēsīderius;
102765;Desiderio;6514;dēsīderius;
102823;Desiderio;6514;dēsīderius;
102844;Desiderio;6514;dēsīderius;
103054;Desiderius;6514;dēsīderius;
103258;Desiderio;6514;dēsīderius;
103765;Desiderio;6514;dēsīderius;
103782;Desiderio;6514;dēsīderius;
103796;Desiderio;6514;dēsīderius;
105055;Desideri;6514;dēsīderius;
105436;Desiderius;6514;dēsīderius;
105459;Desiderius;6514;dēsīderius;
105479;Desiderius;6514;dēsīderius;
105495;Desiderius;6514;dēsīderius;
105499;Desiderius;6514;dēsīderius;
105509;Desiderius;6514;dēsīderius;
105558;Desiderio;6514;dēsīderius;
105552;Desiderius;6514;dēsīderius;
105578;Desiderius;6514;dēsīderius;
105661;Desiderio;6514;dēsīderius;
105818;Desiderii;6514;dēsīderius;
105932;Desiderio;6514;dēsīderius;
105935;Desiderius;6514;dēsīderius;
105998;Desiderio;6514;dēsīderius;
106013;Desiderio;6514;dēsīderius;
105429;[Desiderius];15371;desiderius;dēsīderius
106033;Desiderio;15371;desiderius;dēsīderius
\N;\N;13885;didacus;dīdacus
98458;Didacus;16400;dīdacus;
98467;Didacus;16400;dīdacus;
98473;Didacus;16400;dīdacus;
98643;Didacus;16400;dīdacus;
100576;Didacus;16400;dīdacus;
100744;Didacus;16400;dīdacus;
\N;\N;7791;Diocles;diocles
4774;Dioclis;15906;diocles;
\N;\N;8427;Dolabella;dolabella
8683;dolabella;15907;dolabella;
\N;\N;12008;donaficus;dōnaficus
69835;Doneficus;16398;dōnaficus;
\N;\N;13789;donans;dōnans
97529;Donans;16399;dōnans;
\N;\N;15868;euthymia;euthȳmia
68387;Eudimia;15870;euthȳmia;
78459;Eodimiam;15870;euthȳmia;
\N;\N;15869;euthymus;euthȳmus
87031;Euthimi;15871;euthȳmus;
\N;\N;13479;Findan;findan
87618;Futen;15617;findan;
25020;Flavio;8630;flāvius;
25026;Flavius;8630;flāvius;
25030;Flavius;8630;flāvius;
25196;Flavius;8630;flāvius;
25351;Flavi;8630;flāvius;
25360;Flavius;8630;flāvius;
25365;Flavius;8630;flāvius;
25367;Flavius;8630;flāvius;
25443;Flavius;8630;flāvius;
25450;Flavio;8630;flāvius;
25453;Flavio;8630;flāvius;
25461;Flavius;8630;flāvius;
25463;Flavio;8630;flāvius;
25552;Flavio;8630;flāvius;
25557;Flavio;8630;flāvius;
25615;Flavius;8630;flāvius;
25717;Flavius;8630;flāvius;
25812;Flavius;8630;flāvius;
25817;Flavius;8630;flāvius;
25876;Flavius;8630;flāvius;
26020;Flavius;8630;flāvius;
26101;Flavius;8630;flāvius;
26111;Flavius;8630;flāvius;
26112;Flavius;8630;flāvius;
26114;Flavius;8630;flāvius;
26122;Flavius;8630;flāvius;
26128;Flavium;8630;flāvius;
26143;Flavius;8630;flāvius;
26170;Flavio;8630;flāvius;
26174;Flavius;8630;flāvius;
26182;Flavius;8630;flāvius;
26203;Flavius;8630;flāvius;
26205;Flavius;8630;flāvius;
26215;Flavius;8630;flāvius;
26219;Flavio;8630;flāvius;
26251;Flavius;8630;flāvius;
26881;Favius;8630;flāvius;
27309;Flavius;8630;flāvius;
30367;Flavio;8630;flāvius;
86143;Flavii;8630;flāvius;
98945;Flabius;8630;flāvius;
25722;[Flavius];8630;flāvius;
25725;[Flavius];8630;flāvius;
25735;[Flavius];8630;flāvius;
25737;[Flavius];8630;flāvius;
25827;[Flavi];8630;flāvius;
25830;[Flavius];8630;flāvius;
25833;[Flavius];8630;flāvius;
26176;[Flavius];8630;flāvius;
26178;[Flavius];8630;flāvius;
26180;[Flavius];8630;flāvius;
26188;[Flavium];8630;flāvius;
79920;Falvius;15624;flavius;flāvius
79921;Falvius;15624;flavius;flāvius
80323;Falvius;15624;flavius;flāvius
\N;\N;16405;fōrtunātulus;fortūnātulus
102627;Fortunatulum;16406;fortūnātulus;
\N;\N;9223;fortunātus;fortūnātus
28620;Fortonato;16404;fortūnātus;
28624;Fortonato;16404;fortūnātus;
28837;Fortonato;16404;fortūnātus;
28839;Fortonati;16404;fortūnātus;
28842;Fortonati;16404;fortūnātus;
28844;Fortonati;16404;fortūnātus;
28853;Fortonato;16404;fortūnātus;
29447;Fortunatus;16404;fortūnātus;
29468;Fortunato;16404;fortūnātus;
29470;Fortunatus;16404;fortūnātus;
29472;Fortunatus;16404;fortūnātus;
29474;Fortunatus;16404;fortūnātus;
80969;Fortunatus;16404;fortūnātus;
86113;Fortunato;16404;fortūnātus;
86114;Fortunatus;16404;fortūnātus;
86729;Fortunatus;16404;fortūnātus;
86730;Fortunatus;16404;fortūnātus;
86731;Fortunatum;16404;fortūnātus;
87746;Fortunato;16404;fortūnātus;
87747;Fortunato;16404;fortūnātus;
87866;Fortunatus;16404;fortūnātus;
90283;Fortunato;16404;fortūnātus;
97294;Fortunatus;16404;fortūnātus;
\N;\N;14094;Fragola;fragola
100329;Fragola;15618;fragola;
27615;Frontina;9059;frontīna;
\N;\N;16422;frontina;frontīna
\N;\N;9427;fūsio;
30032;Fusio;15895;fūsiō;fūsio
\N;\N;8993;gelasius;gelāsius
27270;Gelasio;16408;gelāsius;
27283;Gelasium;16408;gelāsius;
595;ierogo;6760;geōrgius;
653;iorgio;6760;geōrgius;
4266;Georgius;6760;geōrgius;
4319;Georgium;6760;geōrgius;
4320;Georgius;6760;geōrgius;
4325;Georgium;6760;geōrgius;
4328;Georgi;6760;geōrgius;
25577;Georgii;6760;geōrgius;
25614;Georgius;6760;geōrgius;
25691;Georgi;6760;geōrgius;
25695;Georgio;6760;geōrgius;
25700;Georgii;6760;geōrgius;
25711;Georgi;6760;geōrgius;
26084;Georgius;6760;geōrgius;
26094;Georgius;6760;geōrgius;
26121;Georgio;6760;geōrgius;
26248;Georgii;6760;geōrgius;
29301;Georgius;6760;geōrgius;
29309;Georgius;6760;geōrgius;
29526;Georgi;6760;geōrgius;
79261;Georgius;6760;geōrgius;
79785;Georgius;6760;geōrgius;
86727;Georgi Florenti Gregorii;6760;geōrgius;
87238;Georgius;6760;geōrgius;
87239;Georgi;6760;geōrgius;
87376;Georgi;6760;geōrgius;
87734;Georgius;6760;geōrgius;
88225;Georgio;6760;geōrgius;
92179;Georgio;6760;geōrgius;
92195;Georgio;6760;geōrgius;
98897;Georgius;6760;geōrgius;
99212;Georgius;6760;geōrgius;
99598;Georgius;6760;geōrgius;
99769;Georgio;6760;geōrgius;
99771;Georgius;6760;geōrgius;
100040;Georgio;6760;geōrgius;
100041;Georgio;6760;geōrgius;
100042;Georgio;6760;geōrgius;
100043;Georgius;6760;geōrgius;
101195;Georgius;6760;geōrgius;
101196;Georgius;6760;geōrgius;
101197;Georgii;6760;geōrgius;
101217;Georgius;6760;geōrgius;
101237;Georgius;6760;geōrgius;
25705;[Geor]gi;6760;geōrgius;
26098;[G]eorg[iu]s;6760;geōrgius;
102940;Georgium;6760;geōrgius;
103182;Georgii;6760;geōrgius;
104881;Georgii;6760;geōrgius;
105955;Georio;15600;georgius;geōrgius
\N;\N;12994;german-ng;germān-ng
77447;Germeningum;16409;germān-ng;
\N;\N;15945;germana;germāna
25839;Germana;16410;germāna;
25842;Germana;16410;germāna;
25843;Germanae;16410;germāna;
25872;Germana;16410;germāna;
25873;Germanae;16410;germāna;
25874;Germana;16410;germāna;
37135;Germanae;16410;germāna;
63503;Germana;16410;germāna;
70949;Germana;16410;germāna;
71261;Germana;16410;germāna;
73104;Germana;16410;germāna;
76464;Germana;16410;germāna;
76576;Germana;16410;germāna;
77252;Germana;16410;germāna;
77337;Germana;16410;germāna;
100346;Iermina;16410;germāna;
101038;Iermanus;15944;germanus;germānus
1258;germano;16278;germānus;
9396;Germani;16278;germānus;
9398;Germani;16278;germānus;
9527;Germani;16278;germānus;
9529;Germano;16278;germānus;
9849;Germani;16278;germānus;
9855;Germani;16278;germānus;
9924;Germani;16278;germānus;
9926;Germano;16278;germānus;
25583;Germanus;16278;germānus;
25603;Germanus;16278;germānus;
25609;G[erman]o;16278;germānus;
26367;Germano;16278;germānus;
26368;Germani;16278;germānus;
26369;Germanus;16278;germānus;
26613;Germano;16278;germānus;
26615;Germanum;16278;germānus;
26992;Germanus;16278;germānus;
26994;Germanum;16278;germānus;
26995;Germano;16278;germānus;
27355;Germano;16278;germānus;
28407;Germanus;16278;germānus;
28422;Germano;16278;germānus;
34206;Germani;16278;germānus;
34208;Germani;16278;germānus;
34210;Germani;16278;germānus;
34494;Germani;16278;germānus;
34503;Germani;16278;germānus;
34508;Germani;16278;germānus;
34514;Germani;16278;germānus;
34530;Germani;16278;germānus;
34536;Germani;16278;germānus;
34615;Germani;16278;germānus;
34619;Germani;16278;germānus;
34621;Germani;16278;germānus;
34622;Germani;16278;germānus;
34673;Germani;16278;germānus;
34676;Germani;16278;germānus;
34808;Germanum;16278;germānus;
34842;Germani;16278;germānus;
34845;Germani;16278;germānus;
34847;Germani;16278;germānus;
34849;Germani;16278;germānus;
35391;Germani;16278;germānus;
35757;Germani;16278;germānus;
36830;Germani;16278;germānus;
36931;Germani;16278;germānus;
36934;Germani;16278;germānus;
36936;Germani;16278;germānus;
37386;Germani;16278;germānus;
37392;Germani;16278;germānus;
37393;Germani;16278;germānus;
37499;Germanus;16278;germānus;
37546;Germanus;16278;germānus;
37565;German[i];16278;germānus;
37577;Germani;16278;germānus;
37649;Germani;16278;germānus;
37655;Germani;16278;germānus;
37662;Germani;16278;germānus;
37663;Germani;16278;germānus;
37680;Germani;16278;germānus;
37683;Germani;16278;germānus;
59603;german;16278;germānus;
65096;Germanus;16278;germānus;
65128;Germanus;16278;germānus;
66450;Germanus;16278;germānus;
67314;Germanus;16278;germānus;
68501;Germanus;16278;germānus;
68716;Germanus;16278;germānus;
71165;Germanus;16278;germānus;
71258;Germanus;16278;germānus;
71714;Germanus;16278;germānus;
76179;Germanus;16278;germānus;
76560;Germanus;16278;germānus;
77684;Germanus;16278;germānus;
78017;Germanus;16278;germānus;
80972;Germani;16278;germānus;
80973;Germanus;16278;germānus;
80974;Germano;16278;germānus;
80975;Germanus;16278;germānus;
82923;Germani;16278;germānus;
82924;Germani;16278;germānus;
82925;Germanus;16278;germānus;
82926;Germanus;16278;germānus;
82927;Germanum;16278;germānus;
82928;Germanus;16278;germānus;
82929;Germanus;16278;germānus;
82930;Germano;16278;germānus;
82931;Germano;16278;germānus;
82932;Germanus;16278;germānus;
82933;Germano;16278;germānus;
82934;Germanus;16278;germānus;
82935;Germanus;16278;germānus;
82936;Germanus;16278;germānus;
82937;Germanus;16278;germānus;
82938;Germani;16278;germānus;
82939;Germano;16278;germānus;
83878;Germani;16278;germānus;
85406;Germani;16278;germānus;
85407;Germano;16278;germānus;
85408;Germani;16278;germānus;
85643;Germani;16278;germānus;
85758;Germanus;16278;germānus;
85759;Germanus;16278;germānus;
85760;Germanus;16278;germānus;
85761;Germanus;16278;germānus;
85762;Germanus;16278;germānus;
85763;Germanus;16278;germānus;
85764;Germanus;16278;germānus;
85765;Germanus;16278;germānus;
85766;Germano;16278;germānus;
85767;Germanus;16278;germānus;
85768;Germano;16278;germānus;
85769;Germanus;16278;germānus;
85770;Germanum;16278;germānus;
85771;Germano;16278;germānus;
85772;Germano;16278;germānus;
85773;Germani;16278;germānus;
85949;Germanum;16278;germānus;
86096;Germani;16278;germānus;
86103;Germanus;16278;germānus;
86104;Germano;16278;germānus;
86105;Germano;16278;germānus;
86106;Germanus;16278;germānus;
86107;Germanus;16278;germānus;
86108;Germani;16278;germānus;
86109;Germano;16278;germānus;
86110;Germanus;16278;germānus;
86111;Germanus;16278;germānus;
86112;Germanus;16278;germānus;
86282;Germano;16278;germānus;
86283;Germano;16278;germānus;
86284;Germani;16278;germānus;
86285;Germanus;16278;germānus;
86899;Germanus;16278;germānus;
86900;Germanus;16278;germānus;
87114;Germanum;16278;germānus;
87517;Germano;16278;germānus;
87518;Germanus;16278;germānus;
87657;Germano;16278;germānus;
87658;Germanus;16278;germānus;
87659;Germanus;16278;germānus;
87660;Germanus;16278;germānus;
87771;Germanus;16278;germānus;
87772;Germanus;16278;germānus;
89839;Germano;16278;germānus;
90045;Germanus;16278;germānus;
90175;Germano;16278;germānus;
90282;Germanus;16278;germānus;
90308;Germano;16278;germānus;
90354;Germani;16278;germānus;
91727;Germanus;16278;germānus;
92285;Germanus;16278;germānus;
92403;Germani;16278;germānus;
92430;Germanus;16278;germānus;
92812;Germani;16278;germānus;
93448;Germanus;16278;germānus;
93474;Germanus;16278;germānus;
93874;Germani;16278;germānus;
95773;Germani;16278;germānus;
97130;Germani;16278;germānus;
97393;Germani;16278;germānus;
100090;Germanus;16278;germānus;
100256;Germano;16278;germānus;
37138;[Germani];16278;germānus;
1099;gregorius;7078;grēgorius;
2074;Gregorii;7078;grēgorius;
2278;Gregorius;7078;grēgorius;
2280;Gregorius;7078;grēgorius;
9092;Gregorii;7078;grēgorius;
9289;Gregorio;7078;grēgorius;
9508;Gregorii;7078;grēgorius;
9531;Gregorio;7078;grēgorius;
9532;Gregorii;7078;grēgorius;
9533;Gregorius;7078;grēgorius;
9534;Gregorius;7078;grēgorius;
9842;Gregorii;7078;grēgorius;
25010;Gregorii;7078;grēgorius;
25798;Greg[orius];7078;grēgorius;
25799;Gregorius;7078;grēgorius;
25801;Gregorius;7078;grēgorius;
25807;Gregorio;7078;grēgorius;
25811;Gregorium;7078;grēgorius;
26377;Gregori;7078;grēgorius;
27837;Gregorius;7078;grēgorius;
28242;Grecorio;7078;grēgorius;
29040;Gregorio;7078;grēgorius;
29557;Gregorii;7078;grēgorius;
29605;Gregorius;7078;grēgorius;
29817;Gregorius;7078;grēgorius;
29920;Gregorius;7078;grēgorius;
29922;Gregorius;7078;grēgorius;
29923;Gregorio;7078;grēgorius;
29924;Gregorio;7078;grēgorius;
29925;Gregorius;7078;grēgorius;
34788;Gregorio;7078;grēgorius;
34790;Gregorius;7078;grēgorius;
35425;Gregorius;7078;grēgorius;
35432;Gregorius;7078;grēgorius;
35433;Gregorius;7078;grēgorius;
65703;Gregorius;7078;grēgorius;
71105;Gregorius;7078;grēgorius;
73205;Gregorius;7078;grēgorius;
73565;Gregorius;7078;grēgorius;
79273;Gregorius;7078;grēgorius;
79870;Gregorius;7078;grēgorius;
79871;Gregorius;7078;grēgorius;
82786;Gregorius;7078;grēgorius;
83074;Gregorium;7078;grēgorius;
83463;Gregorius;7078;grēgorius;
83464;Gregorius;7078;grēgorius;
83465;Gregorius;7078;grēgorius;
83466;Gregorius;7078;grēgorius;
83847;Gregorius;7078;grēgorius;
83848;Gregorii;7078;grēgorius;
83849;Gregorius;7078;grēgorius;
84862;Gregorius;7078;grēgorius;
85730;Gregorii;7078;grēgorius;
85731;Gregorii;7078;grēgorius;
86164;Gregorius;7078;grēgorius;
86292;Gregorius;7078;grēgorius;
86293;Gregorium;7078;grēgorius;
86406;Gregorius;7078;grēgorius;
86728;Gregorius;7078;grēgorius;
86810;Gregorio;7078;grēgorius;
87262;Gregorio;7078;grēgorius;
87263;Gregorio;7078;grēgorius;
87264;Gregorius;7078;grēgorius;
87265;Gregorius;7078;grēgorius;
87266;Gregorius;7078;grēgorius;
87267;Gregorii;7078;grēgorius;
87812;Gregorio;7078;grēgorius;
87813;Gregorio;7078;grēgorius;
87814;Gregorio;7078;grēgorius;
87877;Gregorius;7078;grēgorius;
87878;Gregorius;7078;grēgorius;
87977;Gregorius;7078;grēgorius;
87999;Gregorium;7078;grēgorius;
88000;Gregorio;7078;grēgorius;
88001;Gregorio;7078;grēgorius;
88002;Gregorio;7078;grēgorius;
88003;Gregorio;7078;grēgorius;
88068;Gregorius;7078;grēgorius;
88079;Gregorio;7078;grēgorius;
88080;Gregorii;7078;grēgorius;
88081;Gregorii;7078;grēgorius;
88260;Gregorio;7078;grēgorius;
88387;Gregorio;7078;grēgorius;
88388;Gregorius;7078;grēgorius;
88389;Gregorius;7078;grēgorius;
88390;Gregorius;7078;grēgorius;
88391;Gregorii;7078;grēgorius;
88392;Gregorii;7078;grēgorius;
88393;Gregorius;7078;grēgorius;
88394;Gregorii;7078;grēgorius;
88395;Gregorius;7078;grēgorius;
88396;Gregorius;7078;grēgorius;
88397;Gregorius;7078;grēgorius;
88398;Gregorius;7078;grēgorius;
88399;Gregorium;7078;grēgorius;
88400;Gregorius;7078;grēgorius;
88401;Gregorio;7078;grēgorius;
88402;Gregorius;7078;grēgorius;
88403;Gregorio;7078;grēgorius;
88404;Gregorius;7078;grēgorius;
88405;Gregorio;7078;grēgorius;
88406;Gregorii;7078;grēgorius;
88407;Gregorii;7078;grēgorius;
88408;Gregorii;7078;grēgorius;
88409;Gregorius;7078;grēgorius;
88410;Gregorius;7078;grēgorius;
88411;Gregorius;7078;grēgorius;
88412;Gregorius;7078;grēgorius;
88413;Gregorio;7078;grēgorius;
88414;Gregorius;7078;grēgorius;
88415;Gregorii;7078;grēgorius;
88416;Gregorius;7078;grēgorius;
88417;Gregorius;7078;grēgorius;
88418;Gregorius;7078;grēgorius;
88419;Gregorius;7078;grēgorius;
88473;Gregorium;7078;grēgorius;
88474;Gregorio;7078;grēgorius;
88581;Gregorii;7078;grēgorius;
89313;Gregorio;7078;grēgorius;
89453;Gregorius;7078;grēgorius;
89466;Gregori;7078;grēgorius;
89503;Gregorium;7078;grēgorius;
89504;Gregorio;7078;grēgorius;
89545;Gregorius;7078;grēgorius;
89716;Gregorii;7078;grēgorius;
90267;Gregorium;7078;grēgorius;
90401;Gregorium;7078;grēgorius;
90745;Gregorius;7078;grēgorius;
92425;Gregorio;7078;grēgorius;
92428;Gregorium;7078;grēgorius;
92431;Gregorii;7078;grēgorius;
92827;Gregorius;7078;grēgorius;
92838;Gregorii;7078;grēgorius;
94040;Gregorius;7078;grēgorius;
94051;Gregorius;7078;grēgorius;
94780;Gregorii;7078;grēgorius;
94782;Gregorio;7078;grēgorius;
95145;Gregorii;7078;grēgorius;
95146;Gregorius;7078;grēgorius;
95908;Gregorius;7078;grēgorius;
96452;Gregorius;7078;grēgorius;
96945;Gregorii;7078;grēgorius;
97765;Gregorius;7078;grēgorius;
97800;Gregorius;7078;grēgorius;
97818;Gregorius;7078;grēgorius;
97828;Gregorius;7078;grēgorius;
97834;Gregorius;7078;grēgorius;
97835;Gregorius;7078;grēgorius;
98284;Gregorii;7078;grēgorius;
98446;Gregorius;7078;grēgorius;
98448;Gregorius;7078;grēgorius;
98773;Gregorius;7078;grēgorius;
99004;Gregorii;7078;grēgorius;
99825;Gregorii;7078;grēgorius;
99827;Gregorio;7078;grēgorius;
99977;Gregorio;7078;grēgorius;
99978;Gregorio;7078;grēgorius;
99979;Gregorio;7078;grēgorius;
99980;Gregorius;7078;grēgorius;
99997;Gregorio;7078;grēgorius;
99998;Gregorius;7078;grēgorius;
99999;Gregorio;7078;grēgorius;
100000;Gregorius;7078;grēgorius;
100001;Gregorio;7078;grēgorius;
100002;Gregorius;7078;grēgorius;
100003;Gregorius;7078;grēgorius;
100060;Gregorius;7078;grēgorius;
100061;Gregorio;7078;grēgorius;
100063;Gregorio;7078;grēgorius;
100064;Gregorio;7078;grēgorius;
100106;Gregorius;7078;grēgorius;
100169;Gregorii;7078;grēgorius;
100269;Gregorios;7078;grēgorius;
100417;Gregorius;7078;grēgorius;
100520;Gregorius;7078;grēgorius;
100524;Gregorius;7078;grēgorius;
100526;Gregorius;7078;grēgorius;
100528;Gregorius;7078;grēgorius;
100769;Gregorius;7078;grēgorius;
100785;Gregorio;7078;grēgorius;
100787;Gregorius;7078;grēgorius;
100791;Gregorius;7078;grēgorius;
100800;Gregorius;7078;grēgorius;
100803;Gregorius;7078;grēgorius;
100809;Gregorius;7078;grēgorius;
100810;Gregorius;7078;grēgorius;
100811;Gregorius;7078;grēgorius;
100815;Gregorius;7078;grēgorius;
100820;Gregorius;7078;grēgorius;
100824;Gregorius;7078;grēgorius;
100832;Gregorius;7078;grēgorius;
100846;Gregorii;7078;grēgorius;
100848;Gregorii;7078;grēgorius;
100849;Gregorio;7078;grēgorius;
101210;Gregorius;7078;grēgorius;
25834;[Gregorius];7078;grēgorius;
26374;[Gre]gori;7078;grēgorius;
102157;Gregorius;7078;grēgorius;
103021;Gregorius;7078;grēgorius;
103023;Gregorio;7078;grēgorius;
103024;Gregorius;7078;grēgorius;
103025;Gregorius;7078;grēgorius;
103032;Gregorius;7078;grēgorius;
103035;Gregorius;7078;grēgorius;
103249;Gregorius;7078;grēgorius;
103251;Gregorio;7078;grēgorius;
103252;Gregorii;7078;grēgorius;
103356;Gregorii;7078;grēgorius;
103420;Gregorius;7078;grēgorius;
103426;Gregorius;7078;grēgorius;
103721;Gregorii;7078;grēgorius;
103744;Gregorius;7078;grēgorius;
104220;Gregorii;7078;grēgorius;
104613;Gregorius;7078;grēgorius;
104742;Gregorius;7078;grēgorius;
105104;Gregorius;7078;grēgorius;
105115;Gregorii;7078;grēgorius;
105145;Gregorio;7078;grēgorius;
105152;Gregorii;7078;grēgorius;
105158;Gregorius;7078;grēgorius;
105160;Gregorii;7078;grēgorius;
105350;Gregoriis;7078;grēgorius;
105292;Gregorio;7078;grēgorius;
105280;Gregorius;7078;grēgorius;
105285;Gregorius;7078;grēgorius;
106146;Gregorii;7078;grēgorius;
\N;\N;15605;gregorius;grēgorius
\N;\N;14103;hispanuelis;hispānuelis
100365;Ispinaueli;16343;hispānuelis;
\N;\N;7834;isaias;īsaias
4899;Esaiam;16425;īsaias;
65933;Isaia;16425;īsaias;
69618;Isaia;16425;īsaias;
97286;Iesse;16425;īsaias;
99590;Iecse;16425;īsaias;
\N;\N;15652;isidōrus;īsidōrus
92180;Isiodorus;16505;īsidōrus;
92295;Isiodori;16505;īsidōrus;
2284;Ysidorus;16505;īsidōrus;
\N;\N;14502;iuliōlus;
104159;Iulioli;16373;iūliōlus;
\N;\N;7639;leonas;leōnas
4130;Leonam;16430;leōnas;
4134;Leonas;16430;leōnas;
4135;Leonas;16430;leōnas;
4162;Leonam;16430;leōnas;
\N;\N;13370;leonastis;leōnastis
86060;Leonastis;16431;leōnastis;
88605;Leonastis;16431;leōnastis;
90279;Leonastis;16431;leōnastis;
\N;\N;16051;leontacis;leōntacis
27853;Leonaci;16432;leōntacis;
28108;Leonaci;16432;leōntacis;
28639;Leonaci;16432;leōntacis;
28674;Leonaci;16432;leōntacis;
30012;Leonacis;16432;leōntacis;
30282;Leonaci;16432;leōntacis;
105906;Leonaci;16432;leōntacis;
105883;Leonaci;16432;leōntacis;
105869;Leonaci;16432;leōntacis;
\N;\N;6747;leontius;leōntius
576;leoncio;16433;leōntius;
3876;Leontius;16433;leōntius;
3913;Leontio;16433;leōntius;
25201;Leonti;16433;leōntius;
26214;Leontius;16433;leōntius;
27331;Leontio;16433;leōntius;
27338;Leontius;16433;leōntius;
27469;Leontio;16433;leōntius;
27688;Leontii;16433;leōntius;
27844;Leontio;16433;leōntius;
27846;Leontii;16433;leōntius;
27850;Leonti;16433;leōntius;
81143;Leoncii;16433;leōntius;
85998;Leontio;16433;leōntius;
89855;Leontius;16433;leōntius;
89950;Leontio;16433;leōntius;
89963;Leontius;16433;leōntius;
97548;Leoncius;16433;leōntius;
100358;Leontius;16433;leōntius;
100552;Leontio;16433;leōntius;
\N;\N;14114;leontulus;leōntulus
100535;Leontulus;16434;leōntulus;
\N;\N;9472;līmpidius;
30325;Limpidii;16083;limpidius;līmpidius
\N;\N;8504;lūcellus;
\N;\N;16085;lucellus;lūcellus
48;Lupicino;6389;lupicīnus;
66;Lupicino;6389;lupicīnus;
90;Lupicinus;6389;lupicīnus;
4086;Lupicinus;6389;lupicīnus;
4101;Lupicinum;6389;lupicīnus;
4113;l[u]picinus;6389;lupicīnus;
4115;Lupicini;6389;lupicīnus;
4138;Lupicinus;6389;lupicīnus;
4139;Lupicinus;6389;lupicīnus;
4589;Lupicinus;6389;lupicīnus;
4641;Lupicinum;6389;lupicīnus;
4656;Lupicino;6389;lupicīnus;
8766;Lupicinus;6389;lupicīnus;
8841;Lupicinum;6389;lupicīnus;
8848;Lupicinus;6389;lupicīnus;
8852;Lupicinus;6389;lupicīnus;
8853;Lupicinus;6389;lupicīnus;
8855;Lupicinus;6389;lupicīnus;
26847;Lupicino;6389;lupicīnus;
26849;Lupicinus;6389;lupicīnus;
26853;Lupicini;6389;lupicīnus;
29026;Lupecinon;6389;lupicīnus;
29847;Lupicinu;6389;lupicīnus;
34022;Lobicino;6389;lupicīnus;
65929;Lopicinus;6389;lupicīnus;
87145;Lupicino;6389;lupicīnus;
87146;Lupicino;6389;lupicīnus;
87147;Lupicinus;6389;lupicīnus;
87148;Lupicinus;6389;lupicīnus;
87149;Lupicinus;6389;lupicīnus;
87150;Lupicinus;6389;lupicīnus;
87151;Lupicinus;6389;lupicīnus;
87152;Lupicinus;6389;lupicīnus;
87153;Lupicinus;6389;lupicīnus;
87154;Lupicinus;6389;lupicīnus;
87155;Lupicino;6389;lupicīnus;
87365;Lupicino;6389;lupicīnus;
87366;Lupicino;6389;lupicīnus;
87367;Lupicinus;6389;lupicīnus;
105640;Lopecino;6389;lupicīnus;
\N;\N;15694;lupicinus;lupicīnus
\N;\N;11361;magentia;māgentia
66366;Magentia;16031;māgentia;
\N;\N;15701;marinulus;marīnulus
105718;Marinuli;16510;marīnulus;
105716;Marinulo;16510;marīnulus;
\N;\N;15703;martinulus;martīnulus
\N;\N;16438;martīnulus;
105830;Martinuli;16509;mārtīnulus;
105713;Martinulo ;16509;mārtīnulus;
105743;Martinulo;16509;mārtīnulus;
\N;\N;9813;māxa;
37305;Maxa;16032;maxa;māxa
\N;\N;13756;māxentia;
96281;Maxenciam;16033;maxentia;māxentia
\N;\N;7792;māxentius;
4777;Maxentii;16034;maxentius;māxentius
29952;Maxentius;16034;maxentius;māxentius
84292;Maxenti;16034;maxentius;māxentius
84293;Maxenti;16034;maxentius;māxentius
84294;Maxenti;16034;maxentius;māxentius
84295;Maxenti;16034;maxentius;māxentius
84296;Maxenti;16034;maxentius;māxentius
89155;Maxentius;16034;maxentius;māxentius
\N;\N;13055;māximella;
78326;Maximella;16035;maximella;māximella
\N;\N;7689;māximiānus;
4375;Maximiano;16036;maximiānus;māximiānus
4397;Maximianus;16036;maximiānus;māximiānus
26890;Maximiano;16036;maximiānus;māximiānus
26929;Maximiano;16036;maximiānus;māximiānus
26935;Maximianus;16036;maximiānus;māximiānus
80701;Maximiano;16036;maximiānus;māximiānus
80702;Maximianus;16036;maximiānus;māximiānus
80703;Maximianus;16036;maximiānus;māximiānus
80704;Maximianus;16036;maximiānus;māximiānus
80705;Maximianus;16036;maximiānus;māximiānus
80706;Maximiano;16036;maximiānus;māximiānus
93432;Maximiani;16036;maximiānus;māximiānus
97396;Maximiani;16036;maximiānus;māximiānus
\N;\N;7810;māximīnus;
4836;Maximinus;16037;maximīnus;māximīnus
4845;Maximinus;16037;maximīnus;māximīnus
4846;Maximino;16037;maximīnus;māximīnus
4860;Maximino;16037;maximīnus;māximīnus
4868;Maximino;16037;maximīnus;māximīnus
4885;Maximinum;16037;maximīnus;māximīnus
4897;Maximinus;16037;maximīnus;māximīnus
4903;Maximini;16037;maximīnus;māximīnus
4909;Maximino;16037;maximīnus;māximīnus
4924;Maximinus;16037;maximīnus;māximīnus
8689;Maximinum;16037;maximīnus;māximīnus
8785;Maximinus;16037;maximīnus;māximīnus
26892;Maximinus;16037;maximīnus;māximīnus
26930;Maximinus;16037;maximīnus;māximīnus
27000;Maximinus;16037;maximīnus;māximīnus
27002;Maximinus;16037;maximīnus;māximīnus
27571;Maximinus;16037;maximīnus;māximīnus
27575;Maximinus;16037;maximīnus;māximīnus
86594;Maximini;16037;maximīnus;māximīnus
87397;Maximini;16037;maximīnus;māximīnus
87398;Maximini;16037;maximīnus;māximīnus
87667;Maximino;16037;maximīnus;māximīnus
87668;Maximinus;16037;maximīnus;māximīnus
87669;Maximini;16037;maximīnus;māximīnus
87670;Maximini;16037;maximīnus;māximīnus
88584;Maximini;16037;maximīnus;māximīnus
88704;Maximinus;16037;maximīnus;māximīnus
91550;Maximini;16037;maximīnus;māximīnus
92331;Maximinus;16037;maximīnus;māximīnus
\N;\N;13450;Maxonidius;maxonidius
87325;Maxonidius;15925;maxonidius;
\N;\N;7714;metrodorus;mētrodōrus
4443;Metrodori;16016;mētrodōrus;
\N;\N;14561;mimpula;mīmpula
102884;"Mimpul&#281;";16020;mīmpula;
\N;\N;15747;nectariola;nectariōla
87330;Nectariola;16446;nectariōla;
\N;\N;9357;nero;nerō
29476;Neronis;16447;nerō;
91056;Nero;16447;nerō;
\N;\N;14564;nicephoros;nīcēphoros
97292;Nicifori;16448;nīcēphoros;
97745;Niceforo;16448;nīcēphoros;
103730;Niciphoro;16448;nīcēphoros;
103741;Nicapharo;16448;nīcēphoros;
\N;\N;11657;Nift~wald;nift~wald
67982;Nectoald.;15924;nift~wald;
\N;\N;15752;nith-d;nīth-d
26945;Nidada;15775;nīth-d;
\N;\N;13489;nōnnīnus;
87739;Nunninus;15777;nonninus;nōnnīnus
\N;\N;15743;notalis;notālis
78690;Nodalis;16449;notālis;
\N;\N;14262;oliviānus;olīviānus
104008;Allivianus;16504;olīviānus;
5120;Odpadi;7902;optātus;
34624;Optatus;7902;optātus;
36184;Optatus;7902;optātus;
95395;Optato;7902;optātus;
98551;Obtato;7902;optātus;
34626;[Optatus];7902;optātus;
105342;Optato;7902;optātus;
\N;\N;15706;optatus;optātus
\N;\N;8884;orestes;orestēs
26567;Oreste;15778;orestēs;
26569;Orestem;15778;orestēs;
26688;Orestem;15778;orestēs;
26689;Orestes;15778;orestēs;
91318;Orestis;15778;orestēs;
91630;Orestes;15778;orestēs;
\N;\N;14212;pantaleon;pantalēon
101528;Pantaleonis;15517;pantalēon;
86690;Paschasio;13404;paschāsius;
86691;Paschasio;13404;paschāsius;
98359;Paschasium;13404;paschāsius;
100648;Paschasium;13404;paschāsius;
105614;[Pascasius];13404;paschāsius;
105620;Pascasius;13404;paschāsius;
\N;\N;15372;paschasius;paschāsius
\N;\N;14137;persāncta;
100684;Persancta;15521;persancta;persāncta
\N;\N;9105;petrōnacis;petronācis
27927;Petronaci;16455;petronācis;
28610;Petronaci;16455;petronācis;
28640;Petronaci;16455;petronācis;
28673;Petronaci;16455;petronācis;
79867;Petronacem;16455;petronācis;
79868;Petronacem;16455;petronācis;
79869;Petronacem;16455;petronācis;
102553;Petronaci;16455;petronācis;
103957;Petronaci;16455;petronācis;
104463;Petronacis;16455;petronācis;
104481;Petronacis;16455;petronācis;
104510;Petronaci;16455;petronācis;
105450;Petronacis;16455;petronācis;
105907;Petronaci;16455;petronācis;
\N;\N;14578;petrōnaculus;petrōnaculus
103127;Petronaculum;16456;petronāculus;petrōnaculus
104161;Petronaculi;16456;petronāculus;petrōnaculus
\N;\N;12082;petrōnicus;
70315;Pedromicus;16457;petronicus;petrōnicus
\N;\N;9417;Pharao;pharao
105665;Pharaone;15511;pharao;
\N;\N;14582;piciarenus;piciarēnus
101824;Piciareni;15522;piciarēnus;
101825;Piciarenus;15522;piciarēnus;
101826;Piciarenus;15522;piciarēnus;
\N;\N;13069;Priora;priora
78442;Brioria;15510;priora;
\N;\N;7221;rabiacus;rabiācus
1720;Rabiacus;16458;rabiācus;
85000;Rabiacus;16458;rabiācus;
\N;\N;8174;rachel;rāchēl
6560;rahheil;15949;rāchēl;
6592;rahheil;15949;rāchēl;
\N;\N;14596;redēmptulus;
103975;Redemptulus;16463;redemptulus;redēmptulus
\N;\N;13220;redēmptus;
81132;Redemptus;16462;redemptus;redēmptus
\N;\N;10154;rhenus;rhēnus
39808;Hrenus;16098;rhēnus;
\N;\N;16117;sabūcitus;
37243;Sabucito;16466;sabucitus;sabūcitus
\N;\N;11465;sāncta;
66927;Sancta;16186;sancta;sāncta
\N;\N;14054;sānctus;
100024;Sanctus;16187;sanctus;sānctus
\N;\N;7254;Scorcius;scorcius
1983;Skorcii;15783;scorcius;
89;Sebastianus;6360;sebastiānus;
98;Sebastiano;6360;sebastiānus;
2943;Sebastiano;6360;sebastiānus;
2953;Sebastianus;6360;sebastiānus;
4365;Sebastiano;6360;sebastiānus;
4604;Sebastiano;6360;sebastiānus;
8735;Sebastiano;6360;sebastiānus;
8748;Sebastianus;6360;sebastiānus;
8883;Sebastiano;6360;sebastiānus;
8885;Sebastianus;6360;sebastiānus;
8888;Sebastianus;6360;sebastiānus;
8890;Sebastianus;6360;sebastiānus;
8893;Sebastiano;6360;sebastiānus;
8908;Sebastiani;6360;sebastiānus;
8921;Sebastianus;6360;sebastiānus;
24925;Sebastianum;6360;sebastiānus;
26792;Sebastianus;6360;sebastiānus;
35062;Sebastianus;6360;sebastiānus;
35063;Sebastianus;6360;sebastiānus;
81534;Sebastiani;6360;sebastiānus;
105428;Sebastianus;6360;sebastiānus;
\N;\N;15723;sebastianus;sebastiānus
\N;\N;8458;sertoriana;sertōriāna
8805;Sertorianae;16151;sertōriāna;
\N;\N;12608;sīdōnia;
73950;Sidonia;16192;sīdonia;sīdōnia
75711;Sedonia;16192;sīdonia;sīdōnia
93990;Sidoniam;16192;sīdonia;sīdōnia
\N;\N;7181;sīdōnius;
1361;Sidonius;16193;sīdonius;sīdōnius
1615;Sidonius;16193;sīdonius;sīdōnius
1657;Sidonius;16193;sīdonius;sīdōnius
1838;Sidonius;16193;sīdonius;sīdōnius
1880;Sidonium;16193;sīdonius;sīdōnius
2005;Sidonius;16193;sīdonius;sīdōnius
2960;Sedonius;16193;sīdonius;sīdōnius
3696;Sidonius;16193;sīdonius;sīdōnius
3698;Sidonius;16193;sīdonius;sīdōnius
3703;Sidonius;16193;sīdonius;sīdōnius
3705;Sydonius;16193;sīdonius;sīdōnius
3707;Sidonius;16193;sīdonius;sīdōnius
3710;Sidonii;16193;sīdonius;sīdōnius
3727;Sidonius;16193;sīdonius;sīdōnius
5180;Sedonio;16193;sīdonius;sīdōnius
6833;sedonius;16193;sīdonius;sīdōnius
9671;Sedonius;16193;sīdonius;sīdōnius
9893;Sedonius;16193;sīdonius;sīdōnius
24914;Sidonius;16193;sīdonius;sīdōnius
24956;Sidonius;16193;sīdonius;sīdōnius
24957;Sidonio;16193;sīdonius;sīdōnius
24958;Sidonius;16193;sīdonius;sīdōnius
27224;Sidonius;16193;sīdonius;sīdōnius
27227;Sidonius;16193;sīdonius;sīdōnius
27231;Sidonius;16193;sīdonius;sīdōnius
27233;Sidonius;16193;sīdonius;sīdōnius
27236;Sidonius;16193;sīdonius;sīdōnius
27238;Sidonius;16193;sīdonius;sīdōnius
27240;Sidonius;16193;sīdonius;sīdōnius
27242;Sidonius;16193;sīdonius;sīdōnius
27244;Sidonius;16193;sīdonius;sīdōnius
27247;Sidonius;16193;sīdonius;sīdōnius
27251;Sidonius;16193;sīdonius;sīdōnius
27254;Sidonius;16193;sīdonius;sīdōnius
27256;Sidonius;16193;sīdonius;sīdōnius
27267;Sidonius;16193;sīdonius;sīdōnius
27269;Sidonius;16193;sīdonius;sīdōnius
27280;Sidonius;16193;sīdonius;sīdōnius
27290;Sidonius;16193;sīdonius;sīdōnius
27292;Sidonius;16193;sīdonius;sīdōnius
27294;Sidonius;16193;sīdonius;sīdōnius
27296;Sidonius;16193;sīdonius;sīdōnius
27303;Sidonius;16193;sīdonius;sīdōnius
27305;Sidonius;16193;sīdonius;sīdōnius
27307;Sidonius;16193;sīdonius;sīdōnius
27317;Sidonius;16193;sīdonius;sīdōnius
27321;Sidonius;16193;sīdonius;sīdōnius
27324;Sidonius;16193;sīdonius;sīdōnius
27335;Sidonius;16193;sīdonius;sīdōnius
27341;Sidonius;16193;sīdonius;sīdōnius
27344;Sidonius;16193;sīdonius;sīdōnius
27351;Sidonius;16193;sīdonius;sīdōnius
27357;Sidonius;16193;sīdonius;sīdōnius
27359;Sidonius;16193;sīdonius;sīdōnius
27365;Sidonius;16193;sīdonius;sīdōnius
27368;Sidonius;16193;sīdonius;sīdōnius
27373;Sidonius;16193;sīdonius;sīdōnius
27377;Sidonius;16193;sīdonius;sīdōnius
27380;Sidonius;16193;sīdonius;sīdōnius
27389;Sidonius;16193;sīdonius;sīdōnius
27392;Sidonius;16193;sīdonius;sīdōnius
27395;Sidonius;16193;sīdonius;sīdōnius
27403;Sidonius;16193;sīdonius;sīdōnius
27409;Sidonius;16193;sīdonius;sīdōnius
27414;Sidonius;16193;sīdonius;sīdōnius
27417;Sidonius;16193;sīdonius;sīdōnius
27419;Sidonius;16193;sīdonius;sīdōnius
27426;Sidonius;16193;sīdonius;sīdōnius
27429;Sidonius;16193;sīdonius;sīdōnius
27431;Sidonius;16193;sīdonius;sīdōnius
27439;Sidonius;16193;sīdonius;sīdōnius
27450;Sidonius;16193;sīdonius;sīdōnius
27452;Sidonius;16193;sīdonius;sīdōnius
27456;Sidonius;16193;sīdonius;sīdōnius
27458;Sidonius;16193;sīdonius;sīdōnius
27462;Sidonius;16193;sīdonius;sīdōnius
27464;Sidonius;16193;sīdonius;sīdōnius
27468;Sidonius;16193;sīdonius;sīdōnius
27470;Sidonius;16193;sīdonius;sīdōnius
27473;Sidonius;16193;sīdonius;sīdōnius
27476;Sidonius;16193;sīdonius;sīdōnius
27478;Sidonius;16193;sīdonius;sīdōnius
27480;Sidonius;16193;sīdonius;sīdōnius
27483;Sidonius;16193;sīdonius;sīdōnius
27487;Sidonius;16193;sīdonius;sīdōnius
27490;Sidonius;16193;sīdonius;sīdōnius
27492;Sidonius;16193;sīdonius;sīdōnius
27496;Sidonius;16193;sīdonius;sīdōnius
27503;Sidonius;16193;sīdonius;sīdōnius
27506;Sidonius;16193;sīdonius;sīdōnius
27510;Sidonius;16193;sīdonius;sīdōnius
27512;Sidonius;16193;sīdonius;sīdōnius
27514;Sidonius;16193;sīdonius;sīdōnius
27519;Sidonius;16193;sīdonius;sīdōnius
27524;Sidonius;16193;sīdonius;sīdōnius
27532;Sidonius;16193;sīdonius;sīdōnius
27546;Sidonius;16193;sīdonius;sīdōnius
27558;Sidonius;16193;sīdonius;sīdōnius
27561;Sidonius;16193;sīdonius;sīdōnius
27563;Sidonius;16193;sīdonius;sīdōnius
27591;Sidonius;16193;sīdonius;sīdōnius
27597;Sidonius;16193;sīdonius;sīdōnius
27606;Sidonius;16193;sīdonius;sīdōnius
27608;Sidonius;16193;sīdonius;sīdōnius
27611;Sidonius;16193;sīdonius;sīdōnius
27616;Sidonius;16193;sīdonius;sīdōnius
27619;Sidonius;16193;sīdonius;sīdōnius
27621;Sidonius;16193;sīdonius;sīdōnius
27628;Sidonius;16193;sīdonius;sīdōnius
27637;Sidonius;16193;sīdonius;sīdōnius
27675;Sidonius;16193;sīdonius;sīdōnius
27680;Sidonius;16193;sīdonius;sīdōnius
27682;Sidonius;16193;sīdonius;sīdōnius
27692;Sidonius;16193;sīdonius;sīdōnius
27694;Sidonius;16193;sīdonius;sīdōnius
27708;Sidonius;16193;sīdonius;sīdōnius
27713;Sidonius;16193;sīdonius;sīdōnius
27716;Sidonius;16193;sīdonius;sīdōnius
27720;Sidonius;16193;sīdonius;sīdōnius
27722;Sidonius;16193;sīdonius;sīdōnius
27732;Sidonius;16193;sīdonius;sīdōnius
27737;Sidonius;16193;sīdonius;sīdōnius
27741;Sidonius;16193;sīdonius;sīdōnius
27748;Sidonius;16193;sīdonius;sīdōnius
27755;Sidonius;16193;sīdonius;sīdōnius
27760;Sidonius;16193;sīdonius;sīdōnius
27763;Sidonius;16193;sīdonius;sīdōnius
27765;Sidonius;16193;sīdonius;sīdōnius
27776;Sidonius;16193;sīdonius;sīdōnius
27778;Sidonius;16193;sīdonius;sīdōnius
27780;Sidonius;16193;sīdonius;sīdōnius
27783;Sidonius;16193;sīdonius;sīdōnius
27788;Sidonius;16193;sīdonius;sīdōnius
27793;Sidonius;16193;sīdonius;sīdōnius
27796;Sidonius;16193;sīdonius;sīdōnius
27798;Sidonius;16193;sīdonius;sīdōnius
27801;Sidonius;16193;sīdonius;sīdōnius
27804;Sidonius;16193;sīdonius;sīdōnius
27808;Sidonius;16193;sīdonius;sīdōnius
27816;Sidonius;16193;sīdonius;sīdōnius
27818;Sidonius;16193;sīdonius;sīdōnius
27820;Sidonius;16193;sīdonius;sīdōnius
27828;Sidonio;16193;sīdonius;sīdōnius
27829;Sidonius;16193;sīdonius;sīdōnius
27842;Sidonius;16193;sīdonius;sīdōnius
29693;Sidonius;16193;sīdonius;sīdōnius
29696;Sidonius;16193;sīdonius;sīdōnius
29697;Sidonius;16193;sīdonius;sīdōnius
29701;Sidonius;16193;sīdonius;sīdōnius
30345;Sidonius;16193;sīdonius;sīdōnius
30347;Sidonius;16193;sīdonius;sīdōnius
30350;Sidonius;16193;sīdonius;sīdōnius
30359;Sidonius;16193;sīdonius;sīdōnius
30361;Sidonius;16193;sīdonius;sīdōnius
30388;Sidonius;16193;sīdonius;sīdōnius
30390;Sidonius;16193;sīdonius;sīdōnius
30415;Sidonius;16193;sīdonius;sīdōnius
30418;Sidonius;16193;sīdonius;sīdōnius
30427;Sidonius;16193;sīdonius;sīdōnius
30455;Sidoni;16193;sīdonius;sīdōnius
30461;Sidonius;16193;sīdonius;sīdōnius
30468;Sidonius;16193;sīdonius;sīdōnius
30473;Sidonius;16193;sīdonius;sīdōnius
30478;Sidonius;16193;sīdonius;sīdōnius
30488;Sidonius;16193;sīdonius;sīdōnius
30491;Sidonius;16193;sīdonius;sīdōnius
30502;Sidonius;16193;sīdonius;sīdōnius
30509;Sidonius;16193;sīdonius;sīdōnius
30516;Sidonius;16193;sīdonius;sīdōnius
30519;Sidonius;16193;sīdonius;sīdōnius
30524;Sidonius;16193;sīdonius;sīdōnius
30532;Sidonius;16193;sīdonius;sīdōnius
30534;Sidonius;16193;sīdonius;sīdōnius
34638;Sedonius;16193;sīdonius;sīdōnius
75025;Sidonius;16193;sīdonius;sīdōnius
75594;Sedonius;16193;sīdonius;sīdōnius
82452;Sidonius;16193;sīdonius;sīdōnius
82453;Sidonium;16193;sīdonius;sīdōnius
84142;Sidonius;16193;sīdonius;sīdōnius
86181;Sydonii;16193;sīdonius;sīdōnius
86182;Sydonii;16193;sīdonius;sīdōnius
86183;Sydonii;16193;sīdonius;sīdōnius
86184;Sydonium;16193;sīdonius;sīdōnius
86185;Sydonius;16193;sīdonius;sīdōnius
86186;Sydonii;16193;sīdonius;sīdōnius
87010;Sidonius;16193;sīdonius;sīdōnius
87011;Sidonius;16193;sīdonius;sīdōnius
88775;Sidonio;16193;sīdonius;sīdōnius
88776;Sidonii;16193;sīdonius;sīdōnius
89011;Sidonius;16193;sīdonius;sīdōnius
89016;Sidonius;16193;sīdonius;sīdōnius
89018;Sidoni;16193;sīdonius;sīdōnius
89025;Sidonii;16193;sīdonius;sīdōnius
89027;Sidonius;16193;sīdonius;sīdōnius
89029;Sidonium;16193;sīdonius;sīdōnius
89030;Sidonio;16193;sīdonius;sīdōnius
89035;Sidoni;16193;sīdonius;sīdōnius
89043;Sidoni;16193;sīdonius;sīdōnius
100477;Sedonius;16193;sīdonius;sīdōnius
105073;Sedonius;16193;sīdonius;sīdōnius
105149;Sydonio;16193;sīdonius;sīdōnius
\N;\N;13462;strymōnius;strȳmonius
87502;Stremonio;16175;strȳmonius;
87503;Stremonium;16175;strȳmonius;
88662;Stremonius;16175;strȳmonius;
88668;Stremoneus;16175;strȳmonius;
88731;Stremonium;16175;strȳmonius;
\N;\N;7901;sut-n;sūt-n
5119;Suzcini;16180;sūt-n;
25605;Theodoracis;8747;theodōracis;
28489;Teuderaci;8747;theodōracis;
28616;Teuderacis;8747;theodōracis;
28667;Teuderaci;8747;theodōracis;
66857;Teuderucus;8747;theodōracis;
25592;[T]heodoracis;8747;theodōracis;
102684;Theoderacius;8747;theodōracis;
103262;Theuderacius;8747;theodōracis;
103291;Teuderacius;8747;theodōracis;
103293;Teuderacio;8747;theodōracis;
103295;Teuderacio;8747;theodōracis;
103297;Teuderacio;8747;theodōracis;
103299;Teuderacio;8747;theodōracis;
103304;Theodoracini;8747;theodōracis;
103310;Theoderacinus;8747;theodōracis;
104152;Teuderaci;8747;theodōracis;
104313;Theodoraci;8747;theodōracis;
104320;Theodoraci;8747;theodōracis;
104485;Theodoraci;8747;theodōracis;
104487;Theodoraci;8747;theodōracis;
104491;Theudoraci;8747;theodōracis;
104493;Theoderaci;8747;theodōracis;
104820;Theodoracium;8747;theodōracis;
104997;Theodoracini;8747;theodōracis;
105877;Teodoraci;16481;theōdoracis;theodōracis
105246;Teodoraci;16481;theōdoracis;theodōracis
105873;Teudoraci;16481;theōdoracis;theodōracis
105912;Teudoraci;16481;theōdoracis;theodōracis
105894;Teudoraci;16481;theōdoracis;theodōracis
105900;Teudoraci;16481;theōdoracis;theodōracis
\N;\N;8763;theodosiacus;theodōsiacus
25693;the[o]do[si]akos;16201;theodōsiacus;theodōsiacus
25696;Theudosiacus;16201;theodōsiacus;
25701;Theo[dosiacus];16201;theodōsiacus;
25706;Theodosiacus;16201;theodōsiacus;
25712;Theodosiacus;16201;theodōsiacus;
25720;Theodosiaci;16201;theodōsiacus;
26245;Theodos[iacus];16201;theodōsiacus;
26249;Th[eodosi]acus;16201;theodōsiacus;
\N;\N;9485;theodosianus;theodōsianus
30465;Theodosianas;16200;theodōsianus;
\N;\N;6427;theodosius;theodōsius
115;Theodosius;16199;theodōsius;
120;Theodosio;16199;theodōsius;
846;theodosius;16199;theodōsius;
2253;Theodosius;16199;theodōsius;
4747;Theodosius;16199;theodōsius;
4829;Theodosius;16199;theodōsius;
4936;Theodosius;16199;theodōsius;
4938;Theodosium;16199;theodōsius;
4984;Theodosius;16199;theodōsius;
5008;Theodosius;16199;theodōsius;
8629;Theodosio;16199;theodōsius;
8647;Theodosius;16199;theodōsius;
8694;Theodosi;16199;theodōsius;
8713;Theodosius;16199;theodōsius;
8714;Theodosius;16199;theodōsius;
8716;Theodosius;16199;theodōsius;
8726;Theodosius;16199;theodōsius;
8771;Theodosium;16199;theodōsius;
8776;Theodosium;16199;theodōsius;
8778;Theodosius;16199;theodōsius;
8784;Theodosio;16199;theodōsius;
8794;Theodosius;16199;theodōsius;
25018;Theodosi;16199;theodōsius;
25022;Theodosi;16199;theodōsius;
25629;Theodosius;16199;theodōsius;
25964;Theodosius;16199;theodōsius;
26080;Theodosio;16199;theodōsius;
26274;Theodosi;16199;theodōsius;
26693;Theodosio;16199;theodōsius;
26700;Theodosio;16199;theodōsius;
26856;Theodosio;16199;theodōsius;
26859;Theodosio;16199;theodōsius;
26864;Theodosio;16199;theodōsius;
26865;Theodosius;16199;theodōsius;
26870;Theodosii;16199;theodōsius;
26874;Theodosius;16199;theodōsius;
26968;Theudosius;16199;theodōsius;
27020;Theudosius;16199;theodōsius;
27577;Theodosio;16199;theodōsius;
70776;Theudos[...];16199;theodōsius;
81551;Theodosius;16199;theodōsius;
82360;Theodosii;16199;theodōsius;
84922;Theodosii;16199;theodōsius;
87835;Theodosio;16199;theodōsius;
87836;Theodosio;16199;theodōsius;
87913;Theodosius;16199;theodōsius;
87914;Theodosio;16199;theodōsius;
87915;Theodosius;16199;theodōsius;
87916;Theodosius;16199;theodōsius;
88625;Theudosi;16199;theodōsius;
88722;Theodosio;16199;theodōsius;
88723;Theodosius;16199;theodōsius;
88729;Theodosius;16199;theodōsius;
88915;Theodosio;16199;theodōsius;
90738;Theodosius;16199;theodōsius;
91020;Theodosii;16199;theodōsius;
91021;Theodosius;16199;theodōsius;
98301;Theodosius;16199;theodōsius;
99840;Theodosio;16199;theodōsius;
100174;Theodosius;16199;theodōsius;
98409;Thedosium;16199;theodōsius;
25620;[T]heodosio;16199;theodōsius;
25770;[Theo]dosio;16199;theodōsius;
26035;[T]he[o]dosius;16199;theodōsius;
26061;[T]heodosius;16199;theodōsius;
102522;Theodosius;16199;theodōsius;
102535;Teudosii;16199;theodōsius;
102537;Teudosio;16199;theodōsius;
102539;Teudosio;16199;theodōsius;
102542;Teudosio;16199;theodōsius;
102544;Teudosio;16199;theodōsius;
105570;Teodosi;16199;theodōsius;
\N;\N;13759;Theophylactus;theophylactus
96702;Theophilactus;15785;theophylactus;
97848;Theophilacto;15785;theophylactus;
97854;Theophilacto;15785;theophylactus;
105163;Theophylactus;15785;theophylactus;
105165;Theofylactus;15785;theophylactus;
\N;\N;15286;Theresia;theresia
94996;"Tersi&#281;";15958;theresia;
28207;Trabonus;9164;tribūnus;
102127;Tribuni;9164;tribūnus;
102133;Tribuni;9164;tribūnus;
103433;Tribunus;9164;tribūnus;
103547;Tribunus;9164;tribūnus;
103553;Tribuno;9164;tribūnus;
105655;Tribunus;15735;tribunus;tribūnus
\N;\N;16485;umorānus;ūmorānus
99390;Vmurani;16486;ūmorānus;
\N;\N;7725;valens;valēns
4478;Valens;16487;valēns;
4555;Valentem;16487;valēns;
4559;Valente;16487;valēns;
4562;Valenti;16487;valēns;
4578;Valentem;16487;valēns;
4579;Valentem;16487;valēns;
4586;Valentem;16487;valēns;
4592;Valenti;16487;valēns;
4597;Valente;16487;valēns;
4614;Valente;16487;valēns;
4639;Valentem;16487;valēns;
4640;Valens;16487;valēns;
4645;Valente;16487;valēns;
4652;Valente;16487;valēns;
4655;Valens;16487;valēns;
4742;Valens;16487;valēns;
4753;Valente;16487;valēns;
4759;Valens;16487;valēns;
4802;Valens;16487;valēns;
4805;Valentem;16487;valēns;
5027;Valentem;16487;valēns;
5037;Valentem;16487;valēns;
8402;Valentem;16487;valēns;
8688;Valentem;16487;valēns;
26839;Valentem;16487;valēns;
26841;Valens;16487;valēns;
26842;Valens;16487;valēns;
26843;Valente;16487;valēns;
26855;Valens;16487;valēns;
88624;Valentis;16487;valēns;
88711;Valentis;16487;valēns;
88717;Valens;16487;valēns;
88718;Valens;16487;valēns;
92741;Valentis;16487;valēns;
4262;Valentis;16487;valēns;
4631;Valentis;16487;valēns;
4828;Valentis;16487;valēns;
5040;Valentis;16487;valēns;
8681;Valentis;16487;valēns;
8687;Valentis;16487;valēns;
8796;Valentis;16487;valēns;
26858;Valentis;16487;valēns;
\N;\N;15970;varosus;varōsus
29126;Varosus;16499;varōsus;
29137;Varosus;16499;varōsus;
102180;Varoso;16499;varōsus;
\N;\N;14711;varroniānus;varrōniānus
4450;uarroriani;15542;varrōniānus;
4426;Varroniano;15542;varrōniānus;
4549;Varronianus;15542;varrōniānus;
4550;Varronianus;15542;varrōniānus;
86797;Verano;14724;verānus;vērānus
86893;Veranus;14724;verānus;vērānus
91609;Veranum;14724;verānus;vērānus
91855;Veranus;14724;verānus;vērānus
92382;Veranus;14724;verānus;vērānus
92391;Veranus;14724;verānus;vērānus
94657;Verani;14724;verānus;vērānus
37072;Ueranus;15543;vērānus;
37445;Ueranus;15543;vērānus;
37512;Ueranus;15543;vērānus;
\N;\N;14732;victoriānus;victōriānus
27300;Victorianus;16500;victōriānus;
81121;Victoriano;16500;victōriānus;
\N;\N;14733;victoricus;victōricus
84090;Victurico;16501;victōricus;
84091;Victuricus;16501;victōricus;
\N;\N;15538;victorina;victorīnus
87128;Victurina;16490;victorīna;vĪctōrina
\N;\N;14734;victorinus;vĪctōrĪnus
4875;Victorino;16489;victorīnus;vĪctōrĪnus
4890;Victorinum;16489;victorīnus;vĪctōrĪnus
4892;Victorini;16489;victorīnus;vĪctōrĪnus
4911;Victorini;16489;victorīnus;vĪctōrĪnus
26211;Victurinum;16489;victorīnus;vĪctōrĪnus
82605;Victorini;16489;victorīnus;vĪctōrĪnus
82606;Victorinum;16489;victorīnus;vĪctōrĪnus
88683;Victorinus;16489;victorīnus;vĪctōrĪnus
88684;Victorinum;16489;victorīnus;vĪctōrĪnus
\N;\N;14700;vīndēmialis;vīndēmiālis
\N;\N;15811;vindemialis;vīndēmiālis
88829;Vindimialis;16493;vīndēmiālis;
88831;Vindimialis;16493;vīndēmiālis;
88844;Vindimialis;16493;vīndēmiālis;
88845;Vindimialem;16493;vīndēmiālis;
92015;Vidimacle;16493;vīndēmiālis;
88781;Viri;14702;vīrus;
89006;Virus;14702;vīrus;
91755;Virus;14702;vīrus;
92494;Viro;14702;vīrus;
92495;Virus;14702;vīrus;
92498;Virum;14702;vīrus;
92500;Virus;14702;vīrus;
92788;Virus;14702;vīrus;
\N;\N;15545;virus;vīrus
37;Zachariam;14963;zācharīas;
2028;Zacharias;14963;zācharīas;
2965;Zacharie;14963;zācharīas;
3241;Zacharie;14963;zācharīas;
3693;Zacharie;14963;zācharīas;
26300;[Zach]ariae;14963;zācharīas;
82894;Zachariae;14963;zācharīas;
88266;Zachariae;14963;zācharīas;
88512;Zacharias;14963;zācharīas;
95335;Zachariae;14963;zācharīas;
95393;Zacharia;14963;zācharīas;
95516;Zachariae;14963;zācharīas;
95537;Zachariae;14963;zācharīas;
97031;Zachariam;14963;zācharīas;
97037;Zacharias;14963;zācharīas;
97038;Zacharia;14963;zācharīas;
97082;Zachariam;14963;zācharīas;
97083;Zacharias;14963;zācharīas;
97766;Zaccharias;14963;zācharīas;
97767;Zacharias;14963;zācharīas;
97768;Zacharias;14963;zācharīas;
97769;Zacharia;14963;zācharīas;
97950;Zacharia;14963;zācharīas;
97973;Zachariam;14963;zācharīas;
98545;Zacharias;14963;zācharīas;
98550;Zacharia;14963;zācharīas;
98553;Zacharie;14963;zācharīas;
99307;Zacharias;14963;zācharīas;
99506;Zacharia;14963;zācharīas;
99507;Zacharias;14963;zācharīas;
99508;Zachariae;14963;zācharīas;
99509;Zacharias;14963;zācharīas;
99510;Zacharias;14963;zācharīas;
99513;Zacharia;14963;zācharīas;
99746;Zacharias;14963;zācharīas;
99747;Zacharias;14963;zācharīas;
99748;Zacharias;14963;zācharīas;
99749;Zacharias;14963;zācharīas;
99750;Zacharias;14963;zācharīas;
99751;Zacharia;14963;zācharīas;
99753;Zacharias;14963;zācharīas;
99754;Zacharias;14963;zācharīas;
99755;Zacharias;14963;zācharīas;
99936;Zacharia;14963;zācharīas;
99937;Zachariam;14963;zācharīas;
100486;Zacharie;14963;zācharīas;
103247;Zachariae;14963;zācharīas;
103353;Zacharias;14963;zācharīas;
103360;Zacharias;14963;zācharīas;
103715;Zacharias;14963;zācharīas;
103723;Zacharias;14963;zācharīas;
103732;Zacharias;14963;zācharīas;
103743;Zacharias;14963;zācharīas;
103752;Zacharias;14963;zācharīas;
104258;Zacharie;14963;zācharīas;
104265;Zacharie;14963;zācharīas;
104266;Zacharias;14963;zācharīas;
104270;Zacharia;14963;zācharīas;
104272;Zacharie;14963;zācharīas;
104273;Zacharia;14963;zācharīas;
104277;Zacharia;14963;zācharīas;
104279;Zacharie;14963;zācharīas;
104280;Zacharie;14963;zācharīas;
104281;Zacharia;14963;zācharīas;
104285;Zacharia;14963;zācharīas;
104288;"Zachari&#281;";14963;zācharīas;
104290;Zacharia;14963;zācharīas;
104294;Zacharia;14963;zācharīas;
104296;"Zachari&#281;";14963;zācharīas;
104308;Zacharias;14963;zācharīas;
104325;Zacharias;14963;zācharīas;
104327;Zacharia;14963;zācharīas;
104377;Zacharias;14963;zācharīas;
104380;Zacharie;14963;zācharīas;
104382;Zacharia;14963;zācharīas;
104383;"Zachari&#281;";14963;zācharīas;
104387;Zacharia;14963;zācharīas;
104389;Zacharias;14963;zācharīas;
104409;Zacharia;14963;zācharīas;
104412;Zacharias;14963;zācharīas;
104415;"Zachari&#281;";14963;zācharīas;
104418;Zacharia;14963;zācharīas;
104422;Zacharias;14963;zācharīas;
104423;Zacharie;14963;zācharīas;
104425;Zacharie;14963;zācharīas;
104429;Zacharias;14963;zācharīas;
104432;Zacharie;14963;zācharīas;
104441;Zacharias;14963;zācharīas;
104444;Zacharias;14963;zācharīas;
104448;Zacharie;14963;zācharīas;
104452;Zacharias;14963;zācharīas;
104454;"Zachari&#281;";14963;zācharīas;
104455;"Zachari&#281;";14963;zācharīas;
104458;"Zachari&#281;";14963;zācharīas;
104526;Zacharia;14963;zācharīas;
104530;Zacharias;14963;zācharīas;
104543;Zacharie;14963;zācharīas;
104650;Zacharias;14963;zācharīas;
104656;Zacharias;14963;zācharīas;
104660;Zacharias;14963;zācharīas;
104667;"Zachari&#281;";14963;zācharīas;
104847;Zacharia;14963;zācharīas;
104851;Zacharias;14963;zācharīas;
105069;Zacharias;14963;zācharīas;
105070;Zacharias;14963;zācharīas;
105071;Zacharias;14963;zācharīas;
105124;Zacharias;14963;zācharīas;
105137;Zacharias;14963;zācharīas;
105367;Zacharias;14963;zācharīas;
105351;Zacharia;14963;zācharīas;
105277;Zachariae;15792;zacharias;zācharīas
105284;Zacharias;15792;zacharias;zācharīas
105290;Zacharias;15792;zacharias;zācharīas
105293;Zacharias;15792;zacharias;zācharīas
105311;Zacharias;15792;zacharias;zācharīas
